Barcode,Cluster
AAACAGCCATAGACTT-1,4
AAACAGCCATTATGCG-1,2
AAACCAACATAGACCC-1,2
AAACCGAAGATGCCTG-1,6
AAACCGAAGTTAGCTA-1,5
AAACCGCGTCTTACTA-1,4
AAACCGCGTTAGCCAA-1,10
AAACCGGCAATCCCTT-1,6
AAACCGGCAGCAACAG-1,4
AAACCGGCAGCTTAAT-1,8
AAACGCGCATGTCGCG-1,1
AAACGCGCATTGGGAG-1,2
AAACGGATCATGAAGG-1,4
AAACGGATCCCGCCTA-1,8
AAAGCAAGTCGTAATG-1,8
AAAGCACCAAGTAAGC-1,4
AAAGCGGGTGAGCAAG-1,6
AAAGCGGGTGGAAACG-1,2
AAAGCTTGTCATTGTC-1,1
AAAGCTTGTCGCGCAA-1,6
AAAGGACGTTCCGGGA-1,3
AAAGGAGCAACTGGGA-1,5
AAAGGAGCACAAAGGT-1,3
AAAGGAGCACAGCCAT-1,2
AAAGGAGCACGAATTT-1,5
AAAGGAGCAGTTTCTC-1,1
AAAGGAGCATCAATCG-1,3
AAAGGAGCATCGCTCC-1,4
AAAGGCTCACTTGTTC-1,4
AAAGGCTCAGTTTCTC-1,1
AAAGGTTAGGAACGCG-1,3
AAAGGTTAGGTCCACA-1,3
AAAGGTTAGTGAGGGT-1,3
AAATCCGGTAGGTGTC-1,8
AAATGCCTCCAGGGAG-1,5
AAATGCCTCTACCTAT-1,2
AAATGGCCACCAAAGG-1,1
AAATGGCCAGAAATTG-1,2
AACAAAGGTCACGAAC-1,1
AACAAAGGTCCGTGAG-1,2
AACAAGCCAAGTTATC-1,3
AACAAGCCATAACGGG-1,2
AACAAGCCATTAGCGC-1,4
AACAGATAGGCTAAGA-1,2
AACAGCAAGACTTATG-1,6
AACAGCAAGCTGTACG-1,3
AACAGCAAGGCAAGTA-1,6
AACAGCAAGGTGCTGC-1,7
AACAGGATCTAAATCG-1,3
AACAGGATCTAACTGA-1,8
AACATAGCACTAGGTC-1,9
AACATCATCTATGACA-1,1
AACCCGCAGATGGACA-1,6
AACCCGCAGCTATTAG-1,10
AACCGCTCAGGCGAGT-1,9
AACCGCTCATTATGGT-1,5
AACCGGCTCATTTGTC-1,5
AACCGGCTCTTAGGAC-1,9
AACCTAATCAATGTGC-1,1
AACCTCCTCGAAGCGG-1,10
AACCTTAAGAAAGCAT-1,1
AACCTTAAGTTACTTC-1,2
AACGACAAGGCGCTAC-1,1
AACGCTAGTAAGGTCC-1,3
AACGGTAAGACTCGCA-1,4
AACGGTAAGGCCTGGT-1,4
AACGGTAAGGCCTTAG-1,1
AACTACTCAATCCTGA-1,9
AACTACTCATGTTGGC-1,2
AACTAGCTCAGGCTAT-1,6
AACTAGCTCATGTCAA-1,1
AACTAGCTCCGTTATT-1,2
AACTCACAGCCACAAT-1,2
AACTCACAGCGTGCAC-1,7
AACTCACAGTTTAACG-1,9
AACTGTTCAGAACCGA-1,4
AACTGTTCATGCTTAG-1,4
AACTTAGTCAGTGAAG-1,4
AAGAATCAGGAACCGG-1,9
AAGACAAGTTGGTTCT-1,2
AAGACATAGTAACGAG-1,6
AAGACCAAGGGTCCAC-1,3
AAGCAAGTCACAGCGC-1,8
AAGCAAGTCAGCTAAC-1,5
AAGCAAGTCGCACAAT-1,6
AAGCAAGTCTAAGTCA-1,3
AAGCATGAGTCTATGA-1,1
AAGCCACGTCATCCTG-1,4
AAGCCACGTGATTTGG-1,1
AAGCCACGTTACATCC-1,4
AAGCCACGTTGAGGTC-1,3
AAGCCTCCATGTTGGC-1,4
AAGCCTTAGGGTGAGT-1,9
AAGCCTTAGTGCACGC-1,1
AAGCGAGGTACAATGT-1,7
AAGCGAGGTGATTTGG-1,2
AAGCGCTGTCAAACTG-1,1
AAGCGCTGTTTATGGG-1,1
AAGCGGGTCGCTCCAT-1,9
AAGCGGGTCTAATCCT-1,4
AAGCTAGAGCGGATAA-1,6
AAGCTATGTTAGCCAA-1,5
AAGCTTGGTTAGCATG-1,1
AAGGAAGCACATAACT-1,1
AAGGAAGCAGGATTAA-1,9
AAGGAAGCATATTGAC-1,9
AAGGAAGCATCCCGCT-1,1
AAGGAAGCATGTTGGC-1,1
AAGGATCCATAAGCAA-1,2
AAGGATGTCACGCGGT-1,6
AAGGATGTCATAGCCG-1,6
AAGGATGTCATGGCTG-1,8
AAGGATGTCCGCTAGA-1,1
AAGGCCCTCAACCAAC-1,8
AAGGCCCTCAAGGACA-1,3
AAGGTATAGTTAGGCT-1,3
AAGGTCAAGGCAATAG-1,1
AAGGTGCAGAACCTGT-1,1
AAGGTGCAGGAACGCG-1,4
AAGGTGCAGTAAAGGT-1,7
AAGTAGCCAAATATCC-1,6
AAGTCTATCATGACCG-1,1
AAGTCTATCTTGGATA-1,10
AAGTGCAAGCCAGGTC-1,1
AAGTGTTGTTTACCGT-1,1
AAGTTACGTGTTTGCT-1,4
AAGTTAGCATACCCGG-1,3
AAGTTAGCATGAATAG-1,9
AAGTTTGTCCAGGTTG-1,8
AAGTTTGTCTAACTGA-1,9
AAGTTTGTCTTTGAGA-1,1
AATAGAGGTGAGCGAA-1,10
AATATCCCACCTCGCT-1,5
AATCAGGAGTGTGATC-1,1
AATCATCCAAGCCACT-1,1
AATCATCCAAGGTCCT-1,6
AATCATCCAATGAAGC-1,2
AATCATCCAATGAATG-1,1
AATCATGTCATTCATC-1,2
AATCCATCAAAGCTCC-1,2
AATCCATCATGAGTTT-1,2
AATCCCTGTAGCTGCG-1,6
AATCCCTGTGCCGCAA-1,3
AATCCGTAGGCACAGG-1,2
AATCCGTAGGGCCATC-1,4
AATCCGTAGTTAGAGG-1,6
AATCGCCCATGCTTAG-1,3
AATCTCAAGAGGAGGA-1,6
AATCTCAAGGTACCGC-1,2
AATGCAACACAGAAAC-1,8
AATGCAACAGTACCGT-1,6
AATGCATGTGAGACTC-1,7
AATGCGCGTATTGTCC-1,1
AATGCGCGTCAACAAT-1,4
AATGCGCGTGATGAAA-1,5
AATGTCCAGCCAGGTC-1,5
AATGTCCAGCCTGATG-1,3
AATTACCCAAGTCGCT-1,1
AATTACCCAGCAAGGC-1,6
AATTAGCGTACTTCAC-1,9
AATTAGCGTGACATGC-1,10
AATTAGGCATAAGCAA-1,2
AATTCGTCATCCTGAA-1,7
AATTCGTCATGTGGGA-1,7
AATTGACGTTGAATCG-1,2
AATTGCCAGTAACCAC-1,7
AATTGGGAGAGGAAGG-1,4
AATTGGGAGGCGGGTA-1,7
AATTGTGTCTTTAAGG-1,5
AATTTCCTCGCAATCG-1,9
AATTTCCTCTGGCAAT-1,10
AATTTGCCAGGCTACT-1,8
AATTTGCCATGAATCT-1,5
ACAAACTGTGCTCCGT-1,5
ACAAACTGTTAATGCG-1,2
ACAAACTGTTCGCGCT-1,9
ACAAACTGTTGCGTAA-1,1
ACAAAGGTCATTGCAA-1,4
ACAAAGGTCCTTTACG-1,1
ACAACACTCAAATCGC-1,1
ACAACACTCCAGCACA-1,5
ACAACACTCTGTGCCT-1,7
ACAACAGAGCGCTAAT-1,5
ACAACATGTTCAAGCA-1,8
ACACAATGTTCCGGCT-1,9
ACACAATGTTTCGCCA-1,2
ACACCTTGTAGGATCC-1,2
ACACGGACACCTAAGC-1,7
ACACGGACACTTCACT-1,9
ACACGGACATATTGAC-1,4
ACACTAATCTGGCAAT-1,1
ACACTAGGTTGGCCGA-1,6
ACACTTGCATCGCTTT-1,5
ACACTTGCATGTCAAT-1,9
ACAGCCGGTAACGGGA-1,3
ACAGCCGGTACCGTAA-1,1
ACAGCCGGTGGTTCCC-1,3
ACAGCGCTCCGGTTGA-1,2
ACAGCGCTCTCGCCTG-1,1
ACAGCGCTCTGCAAAC-1,4
ACAGGAATCATGACCG-1,2
ACAGGAATCCGCCTCA-1,8
ACAGGAATCCGTCCAT-1,7
ACAGGAATCGCTATAA-1,3
ACAGGATCAACCTAAT-1,4
ACAGGATCAGGACCAA-1,4
ACAGGCTGTGGACCTG-1,1
ACAGGCTGTTAAGCTG-1,1
ACATAGCTCATTAGTG-1,1
ACATAGCTCTACTAAG-1,8
ACATCAATCCTTCGTA-1,3
ACATCATCAATTGACT-1,5
ACATTAGTCCCGAAGC-1,5
ACATTAGTCCGCAAGC-1,1
ACATTGCAGCGGATTT-1,4
ACATTGCAGCTGTAAC-1,2
ACATTGCAGGAACACA-1,6
ACATTGCAGTAGCCAT-1,5
ACCAAACTCAATGAGG-1,9
ACCAAACTCCGCCTCA-1,4
ACCAAACTCCGGTATG-1,3
ACCAAGCGTACAAAGA-1,4
ACCAAGTTCCTAAGTA-1,5
ACCAAGTTCCTTCTAG-1,5
ACCAAGTTCGCTTCTA-1,2
ACCACACCAACAACAA-1,1
ACCACACCAGCTCATA-1,9
ACCACATAGCTCCCTG-1,6
ACCAGCTCAACTGGGA-1,3
ACCAGGACATGAAGTA-1,3
ACCAGGACATTAAAGG-1,2
ACCAGGCTCACGCGGT-1,3
ACCAGGCTCGTTAGTA-1,4
ACCAGGGAGGTCATTA-1,1
ACCAGGGAGTCATTTC-1,3
ACCATAATCATTTGCT-1,7
ACCATAATCCTGATTT-1,2
ACCATTAAGTGAAGTG-1,9
ACCATTAAGTTGTCAA-1,8
ACCCAACCATTATGGT-1,6
ACCCAGGGTGAGCAAG-1,4
ACCCGCTGTCCTAATC-1,5
ACCCGCTGTTGAGGTC-1,2
ACCCGGTAGCAGGTTT-1,3
ACCCGTAAGTTGCCTC-1,1
ACCGAAGCAATAAGCA-1,3
ACCGAAGCACGAACAG-1,3
ACCGAAGCAGGTTCAC-1,3
ACCGAAGCATAATCAC-1,10
ACCGGTTCAATTGCGC-1,2
ACCGGTTCAGCAGGTA-1,2
ACCGGTTCATTGTTGG-1,5
ACCTAAATCCTAACGG-1,8
ACCTAAATCGTCATTT-1,2
ACCTAAGGTTGGTTAG-1,2
ACCTAAGGTTTGCGCC-1,6
ACCTACCTCCGGGACT-1,1
ACCTACCTCCGGTATG-1,3
ACCTCACTCAAGTGTC-1,2
ACCTCACTCGGCTATG-1,1
ACCTGGTCAAGCTTTG-1,5
ACCTGGTCACGAACAG-1,6
ACCTGGTCACGAATCC-1,2
ACCTGGTCATAGGCGA-1,2
ACCTGGTCATTATGGT-1,5
ACCTGTTGTCATGAGC-1,5
ACCTGTTGTGGATTCA-1,3
ACCTTCATCTCGCCCA-1,1
ACCTTCATCTTACTCG-1,8
ACCTTCCAGGCCAATT-1,4
ACCTTCCAGTCACTAA-1,2
ACCTTCCAGTGAGGGT-1,3
ACCTTCCAGTTTGCGG-1,1
ACCTTGCTCATGGCCA-1,1
ACCTTGCTCGCTATAA-1,5
ACGAACAAGCCGCAGT-1,8
ACGAACAAGTATTGCA-1,2
ACGAATCTCATTGACA-1,5
ACGACAAAGGTAAGCA-1,1
ACGACAAAGGTCATTA-1,3
ACGACTTAGCCGCTAA-1,2
ACGACTTAGGTCCTGA-1,3
ACGAGTAAGCGTGCGT-1,3
ACGAGTAAGGACTAAG-1,1
ACGAGTAAGGCTAAGA-1,10
ACGATTCAGTTACTTC-1,2
ACGCAAGCAATTATGC-1,3
ACGCACGGTCTAACAG-1,2
ACGCACGGTCTATCGT-1,7
ACGCACGGTTGTGACA-1,4
ACGCCACAGTCTATGA-1,5
ACGCCTAAGTCGCAAT-1,1
ACGCCTTTCATAGCCG-1,2
ACGCCTTTCCTCAGCT-1,6
ACGCCTTTCGACCTGA-1,1
ACGCTTGAGATGCCTG-1,8
ACGCTTGAGCAAGGAC-1,9
ACGCTTGAGCCTGGTA-1,3
ACGCTTGAGGAGTCGG-1,7
ACGCTTGAGGCTGGCT-1,6
ACGGGAAGTCCGTGAG-1,4
ACGGTACGTAACGAGG-1,2
ACGGTACGTCATAAGT-1,1
ACGGTTAGTCCGTAGG-1,1
ACGGTTAGTGAACAAA-1,5
ACGGTTAGTGGTTAGC-1,2
ACGGTTAGTTAGTACG-1,7
ACGTACCCACACTAAT-1,6
ACGTACCCACCTATAG-1,1
ACGTACCCAGAAATGC-1,1
ACGTCAAGTCCTTCTC-1,3
ACGTCAAGTTCAAGAT-1,9
ACGTCAAGTTGTTCAC-1,3
ACGTCCAAGCCACATG-1,6
ACGTCCTTCTAATCAG-1,1
ACGTTACAGGCTTAGT-1,3
ACGTTGTAGAGGCTAA-1,1
ACGTTGTAGCTGCACA-1,2
ACGTTGTAGGCGCATC-1,9
ACGTTGTAGTTAGAGG-1,9
ACTAAAGCAAAGCTAA-1,4
ACTAAAGCAAAGGCCA-1,3
ACTAAAGCAGGCCATT-1,8
ACTAAAGCATAAGTTC-1,6
ACTAACCAGAACAAGT-1,7
ACTAACTCACAGCCAT-1,10
ACTAACTCACTAAGCC-1,6
ACTAATCCATAGACTT-1,2
ACTAGGCGTAACGGGA-1,2
ACTAGGCGTGGAAGGC-1,4
ACTAGGCGTTGCTTCG-1,1
ACTATCCGTGAAACAA-1,2
ACTATCCGTTCACCAT-1,2
ACTATGTCATAAGTTC-1,6
ACTCACCTCTACTAAG-1,6
ACTCACTGTAACCAGC-1,2
ACTCACTGTCTTGCAT-1,10
ACTCAGTAGGCATTGT-1,7
ACTCAGTAGGGCTAAA-1,1
ACTCCTCAGGAGGGTT-1,9
ACTCGCGCAAACCCTA-1,2
ACTCGCGCAAGGTCCT-1,4
ACTCGCGCATGTTTGG-1,5
ACTCGCTTCGGCTAGC-1,9
ACTGAATGTCAGGAAG-1,1
ACTGAATGTGCGCAAT-1,4
ACTTACAAGGCGCATC-1,6
ACTTACAAGGTCTTGG-1,3
ACTTACAAGTGAGCAA-1,3
ACTTACTTCATTAGCA-1,5
ACTTAGGGTAAGCTTG-1,1
ACTTAGGGTAGTTGGC-1,1
ACTTAGGGTCATTACC-1,3
ACTTAGGGTGGAGCAA-1,3
ACTTAGGGTGTAACCA-1,4
ACTTAGGGTTAATGCG-1,2
ACTTAGGGTTAGTTGG-1,1
ACTTAGTCACAATTAC-1,4
ACTTAGTCAGTAAAGC-1,5
ACTTAGTCATTATGAC-1,1
ACTTATCTCACTAAGC-1,6
ACTTATGAGCAAGGTA-1,8
ACTTATGAGCATGGTT-1,2
ACTTATGAGCTATATG-1,10
ACTTATGAGCTTCTCA-1,5
ACTTCGCTCCGGCTAA-1,3
ACTTGAATCCTCCCTC-1,2
ACTTGCACACAGGAAT-1,9
ACTTGCACACCATATG-1,4
ACTTGCACACTGACTA-1,1
ACTTGCACACTTAACG-1,1
ACTTGCACAGGTTCAC-1,7
ACTTGCACATTGCGTA-1,4
ACTTGTAAGATTGAGG-1,3
ACTTGTAAGGACCTGC-1,6
ACTTGTCGTGACATGC-1,2
ACTTGTCGTGGAGCAA-1,7
ACTTGTCGTTTAACGG-1,4
ACTTGTCGTTTATCTG-1,3
ACTTTGTTCCTAGTAA-1,7
ACTTTGTTCTCACATT-1,2
AGAAACCCAGAATGAC-1,4
AGAACAAGTATTGGTG-1,5
AGAACCGCAAACTCAT-1,7
AGAACCGCACCGGTAT-1,2
AGAAGGTGTCCCGAAG-1,4
AGAATCGAGGCTTAAC-1,1
AGAATCGAGGGATGCG-1,1
AGAATCGAGTGAGCAA-1,6
AGAATCTGTTATAGCG-1,3
AGACAATAGACAACGA-1,10
AGACACGCAACAGCCT-1,3
AGACCCGGTCATGCAA-1,1
AGACCCGGTTTAGCGA-1,9
AGACTATGTTCATCTA-1,8
AGAGAAGCAATCTCTC-1,1
AGAGATTAGTAGCGGG-1,2
AGAGATTAGTCACTAA-1,4
AGAGGAACACACCAAC-1,9
AGAGGAACACCTGCTC-1,5
AGAGGAACAGGTATTT-1,4
AGAGGATGTTAGGCGT-1,1
AGATGAAGTGATTACG-1,2
AGATGCTTCTAATCCT-1,9
AGATGCTTCTTTGTAC-1,9
AGCAAATAGACAAGTG-1,3
AGCAACAAGCTTTGTT-1,6
AGCAACAAGGGCTAAA-1,5
AGCAACAAGGTTACAC-1,7
AGCAAGGGTGTGCACG-1,1
AGCAATACACAGAACG-1,4
AGCAATACACGGTACT-1,5
AGCACAGCAGCTTACA-1,6
AGCACAGCATAGCTGC-1,4
AGCACAGCATTCCTGT-1,8
AGCACTAGTCCACAAA-1,4
AGCACTAGTCGCGCAA-1,1
AGCACTAGTCTTTATG-1,1
AGCACTAGTGAGAAAC-1,2
AGCACTTAGAAGCTAG-1,8
AGCACTTAGCTGTCAG-1,1
AGCACTTAGGAACCAA-1,3
AGCAGGTAGTGGCGGA-1,6
AGCCAGTGTACCTTAC-1,5
AGCCAGTGTAGACAAA-1,8
AGCCAGTGTCCTCCAA-1,2
AGCCAGTGTGGATTCA-1,9
AGCCAGTGTTGGTTAG-1,1
AGCCGCTAGTCACCTC-1,4
AGCCTAAGTCCTAATC-1,4
AGCCTAAGTCCTAGTT-1,4
AGCCTAGTCAAGCTTA-1,1
AGCCTAGTCAGGAAGC-1,2
AGCCTAGTCCTAATGA-1,3
AGCCTAGTCCTCATGC-1,2
AGCCTAGTCTGTTCAT-1,3
AGCCTGGGTAGCAGCT-1,6
AGCCTGGGTTTACTTG-1,1
AGCCTGGGTTTAGCTC-1,8
AGCGATTTCGTTTCTG-1,1
AGCGGACCAATTAGCT-1,1
AGCGGACCAGCTTAGC-1,2
AGCGGATAGACTTATG-1,3
AGCGGATAGCTTAACA-1,2
AGCGGATAGTGAACAG-1,3
AGCGTGCTCGGGACCT-1,7
AGCTAAACACCGGTAT-1,3
AGCTAAACACCTACGG-1,2
AGCTAACTCAGCTAAC-1,9
AGCTAACTCTAATCAG-1,1
AGCTACGTCTAGCTTT-1,7
AGCTACTAGCAGGCCT-1,7
AGCTACTAGGAGGTTA-1,7
AGCTACTAGGCGAATA-1,2
AGCTACTAGGTTTACA-1,2
AGCTACTAGTTTGGTA-1,8
AGCTATATCAATTACG-1,5
AGCTATATCGGTCAGC-1,3
AGCTATATCTAACCAA-1,5
AGCTCATAGGAAGCTA-1,7
AGCTCATAGGCGGGTA-1,2
AGCTGCTCAAACTAAG-1,4
AGCTTAATCCAGCACA-1,5
AGCTTAATCCGCCTCA-1,1
AGCTTAATCTAATCAG-1,7
AGCTTGGTCCCTGGAA-1,3
AGCTTGGTCCTTCGTA-1,3
AGCTTGGTCGGCCATA-1,3
AGCTTGGTCTGGCATG-1,10
AGCTTTAAGAAACTGG-1,3
AGCTTTAAGTCCTGAG-1,1
AGCTTTAAGTGCACGC-1,1
AGGAAACGTCGCGCAA-1,4
AGGAAACGTTAACAGT-1,8
AGGAAACGTTGTGACA-1,1
AGGAACCAGAAAGGAA-1,2
AGGAACCAGACAACAG-1,3
AGGAACCAGGCGCTTA-1,7
AGGAACGGTTAGAGCC-1,9
AGGAACGGTTCGCTCA-1,8
AGGACGTAGCTACTGG-1,7
AGGACTAAGCTCAATA-1,2
AGGACTAAGGCGAATA-1,7
AGGACTAAGGTGAAGC-1,3
AGGAGCTAGTGAGCGG-1,8
AGGAGCTAGTTAACCA-1,4
AGGATCCGTATTGGTG-1,3
AGGATCCGTTCGCGCT-1,3
AGGATGCAGAACCTGT-1,1
AGGATGTCAACACCTA-1,7
AGGATGTCAAGTTATC-1,1
AGGATGTCATTCCTGT-1,4
AGGATGTCATTGCGAC-1,2
AGGATTGAGCCGCTAA-1,7
AGGCAATCAAAGGCCA-1,6
AGGCAATCATCAGTAT-1,2
AGGCAGGTCGCGACAC-1,3
AGGCCCAGTACTGAAT-1,3
AGGCCCAGTGGAAGGC-1,6
AGGCGGATCGCTAAGT-1,1
AGGCTAAAGCGAAGTA-1,1
AGGCTAAAGCGTGCAC-1,2
AGGCTAGCACATGCTA-1,1
AGGCTAGCAGCAAATA-1,1
AGGCTAGCATCCGTAA-1,2
AGGGCTACAGGCCTTG-1,8
AGGGTTGCAATCCTAG-1,9
AGGGTTGCACGTAATT-1,7
AGGGTTGCAGGAACTG-1,1
AGGTAACCAAGCTTAT-1,3
AGGTAACCAGTCTAGC-1,1
AGGTAACCATGCTATG-1,6
AGGTACGCAGTAATAG-1,6
AGGTATTGTAACCTAG-1,7
AGGTATTGTAATGGCC-1,2
AGGTATTGTGGATGTC-1,4
AGGTCAAAGCACAGGG-1,7
AGGTCCGGTCATCAAG-1,1
AGGTCCGGTCTAGCTT-1,9
AGGTCCGGTGCAACTA-1,2
AGGTCTTAGCTTCCCG-1,4
AGGTCTTAGGGACTAA-1,8
AGGTGAATCTAAGTCA-1,1
AGGTGAATCTCCATAT-1,4
AGGTGAGGTAATCGGC-1,2
AGGTGAGGTACAATGT-1,5
AGGTTAACACGTGCTG-1,8
AGGTTACTCGCTCACT-1,4
AGGTTAGAGTTCCTCA-1,6
AGGTTTATCATGGCTG-1,1
AGGTTTGGTAGCTGGT-1,9
AGGTTTGGTTGTTGGA-1,8
AGGTTTGGTTTGCGCC-1,7
AGTAAACAGGGCCACT-1,8
AGTAACACATGCTCCC-1,2
AGTAACCTCTAAGTGC-1,4
AGTAACCTCTCAATGA-1,4
AGTAAGTAGAGGAGGA-1,5
AGTAAGTAGGACGTAA-1,3
AGTAAGTAGGCGAATA-1,1
AGTAATGCACTAAGCC-1,4
AGTACGCGTGATGAGG-1,3
AGTAGGATCATGACCG-1,5
AGTAGGATCCATAATG-1,2
AGTATAGCAAAGCTCC-1,9
AGTCAAGAGGACCTTG-1,6
AGTCAAGAGGTCCGTA-1,4
AGTCAAGAGTTTGCGG-1,1
AGTCAATGTGGACATC-1,6
AGTCCTGAGGAACCGG-1,5
AGTCCTTGTTACTTGC-1,1
AGTCGCATCTATTGTC-1,2
AGTCTTGCAGGCTGTT-1,6
AGTCTTGCATCGCTTT-1,1
AGTGAACCAAGCCACT-1,1
AGTGAGTCATTAGCCA-1,1
AGTGATGAGCTATGAC-1,10
AGTGCGGAGTAACGAG-1,4
AGTGGACAGCGAGCGA-1,3
AGTGGACAGCTTAACA-1,4
AGTGGACAGGACCTGC-1,1
AGTGGACAGGTCCTGA-1,2
AGTGGACAGTTATGTG-1,5
AGTGTGGCAAGTCGCT-1,10
AGTGTGGCATCCATCT-1,1
AGTGTGGCATCCTGAA-1,5
AGTGTTTCACCGGTAT-1,9
AGTGTTTCATAATCAC-1,4
AGTTACATCCCATAGG-1,2
AGTTACATCTTGACCC-1,5
AGTTACTCACCTGTAA-1,3
AGTTACTCAGCAGGTA-1,2
AGTTATGTCCAACTGG-1,9
AGTTGCAGTACGGGTT-1,3
AGTTGCAGTCGTAAAT-1,4
AGTTGCGTCCATCAGG-1,1
AGTTGCGTCCTTCTAG-1,1
AGTTGGCGTCATAACG-1,1
AGTTGGCGTCGCGCAA-1,4
AGTTGGCGTGTGAGGA-1,3
AGTTGGCGTTAGGCTA-1,2
AGTTTGATCCTAAATG-1,1
AGTTTGATCGCAGGCT-1,2
AGTTTGATCGGTCAAT-1,9
AGTTTGATCTAAGGAG-1,6
AGTTTGCAGCATTTCT-1,9
AGTTTGCAGCTATGAC-1,1
AGTTTGCAGCTCAATA-1,7
AGTTTGCAGCTGAGGG-1,5
ATAACGACATTGTGAT-1,8
ATAAGCCTCGGCCATA-1,1
ATAATGGCACAGAACG-1,2
ATAATGGCAGCAAGGC-1,6
ATAATGGCATTGGGAG-1,7
ATACCTGCAATTAAGG-1,3
ATACCTGCATCAATCG-1,5
ATACCTGCATCCTAGA-1,7
ATACCTGCATTTGCTC-1,4
ATAGATGCAATTGACT-1,2
ATAGCATGTGTTTGTC-1,7
ATAGGTACACCAAAGG-1,1
ATAGGTACACGTGCTG-1,6
ATATAGGCAGTAGGAT-1,2
ATATGCATCACAGCCA-1,8
ATATGCATCCCTCACG-1,6
ATATGCATCCGCACAA-1,1
ATATGCTCAGTATGTT-1,4
ATATGCTCATCACTTC-1,9
ATATGGTGTAAACAAG-1,2
ATATGGTGTACGCGCA-1,7
ATATGGTGTTGGGTTA-1,2
ATATGTCCAATGCGCT-1,10
ATATGTCCACCTACGG-1,2
ATCAAGACATCGTTCT-1,6
ATCAAGCTCAGCATTA-1,7
ATCAAGCTCATTGTTC-1,4
ATCAAGCTCCCGTTGT-1,7
ATCAATCCATTGTGGC-1,10
ATCACAATCCTCCTAA-1,5
ATCACAATCGAGGAAC-1,9
ATCACACAGCATGGTT-1,1
ATCACACAGGAGCACG-1,9
ATCACCCTCACAGGAA-1,4
ATCACCCTCTTGAGCG-1,4
ATCATCAAGCTCGCTT-1,3
ATCATCAAGGACCAGG-1,8
ATCCAACAGATAGACG-1,2
ATCCAACAGGATCACT-1,4
ATCCAACAGTATTGCA-1,5
ATCCACCTCAGTGAAG-1,4
ATCCATAAGCTCGCTT-1,8
ATCCGTGAGGCACAGG-1,2
ATCCGTGAGTGATTCA-1,1
ATCCTCATCAGCATTA-1,5
ATCCTCATCGGGACTC-1,1
ATCCTGACACCCTCAC-1,2
ATCCTGACAGAGGCTA-1,2
ATCCTTAGTGCTTACT-1,1
ATCGAGGCACTTCACT-1,5
ATCGAGGCATCGCTTT-1,7
ATCGCCCGTGATGAGG-1,1
ATCGCTTGTATGGTGC-1,10
ATCGCTTGTTAATGCG-1,2
ATCTATGAGGCTAGAA-1,10
ATCTTTGGTAGTCAAT-1,4
ATCTTTGGTTAATGCG-1,3
ATCTTTGGTTCACTGT-1,5
ATGAAGTAGGGATTAG-1,1
ATGAAGTAGTGAGGGT-1,2
ATGAAGTAGTTAGAGG-1,1
ATGAATGCAAATTCGT-1,1
ATGAATGCAGGAACCA-1,8
ATGAATGCATGAGTTT-1,1
ATGACAACAATAATGG-1,4
ATGACAACACCGTTCC-1,2
ATGACAACATGAAATG-1,5
ATGACCAGTAAATTGC-1,2
ATGAGCCGTCCCGAAG-1,3
ATGATGACAAGGTGGC-1,2
ATGATGACATTATGCG-1,5
ATGCAAACAAATTCGT-1,4
ATGCAGGCAGCAACCT-1,6
ATGCATTCAATGAAGC-1,1
ATGCATTCAGCACGTT-1,6
ATGCATTCAGTAGGTG-1,8
ATGCCTGAGACAGGTA-1,1
ATGCGATTCATTATGG-1,7
ATGCGATTCGGGACTC-1,2
ATGCGATTCGGTTTGG-1,3
ATGCTTAAGAAGGTGC-1,6
ATGCTTAAGCCTGATG-1,4
ATGGACAAGTCTATGA-1,4
ATGGCTAGTCAGGAAG-1,6
ATGGCTAGTGTTAGCA-1,2
ATGGCTGTCACCTGTC-1,2
ATGGCTGTCATAACTG-1,4
ATGGCTGTCGCTAGCA-1,7
ATGGCTGTCTTAATGG-1,5
ATGGCTTAGTCACGAT-1,10
ATGGTGCGTACTGAAT-1,8
ATGGTGCGTTAGACCA-1,4
ATGGTTATCCAGCACA-1,2
ATGTAACGTAGGTTGC-1,9
ATGTAACGTCCCGGAA-1,2
ATGTAACGTCGCATAA-1,1
ATGTAAGCACTTAGGC-1,9
ATGTAAGCAGCAGGTA-1,7
ATGTAAGCATTATGCG-1,2
ATGTCAATCGTGCTAG-1,8
ATGTCAATCGTTAGCG-1,3
ATGTGAGAGCAAGGAC-1,2
ATGTGAGAGCTCAAAC-1,3
ATGTGAGAGGAGCACG-1,3
ATGTGAGAGTTTGGTA-1,3
ATGTTCAAGCGTGCGT-1,5
ATGTTGTCACTAGGTC-1,10
ATGTTTGAGTAATCCA-1,6
ATTAACCCATCGCTTT-1,5
ATTAACCCATTAAACC-1,8
ATTAACCCATTATGCG-1,10
ATTACCGCATAGACCC-1,6
ATTACCGCATTGTGCA-1,1
ATTACGTCAAGCCAGA-1,3
ATTACGTCAATTGACT-1,3
ATTACGTCAGTCTATG-1,3
ATTACTGAGGAACCAA-1,4
ATTAGCGGTTATCCTA-1,1
ATTAGCGGTTCCGGGA-1,1
ATTAGCGGTTGCACGG-1,1
ATTAGCGGTTGTGATG-1,3
ATTAGCTCAAGTGTTT-1,3
ATTAGCTCACTAAATC-1,4
ATTAGCTCATAAAGCA-1,2
ATTAGCTCATTGTGCA-1,1
ATTAGGTGTTGGTTGA-1,3
ATTAGGTGTTTATGGG-1,1
ATTAGTCCACACTAAT-1,3
ATTAGTCCACCTACTT-1,2
ATTAGTCCATACTCCT-1,5
ATTAGTCCATTGCAGC-1,1
ATTATCCTCGCGACAC-1,3
ATTATGGTCAGTTCCC-1,3
ATTATGGTCTTGTCCA-1,4
ATTCAACCAAAGCCTC-1,5
ATTCAACCACAGCCTG-1,3
ATTCAACCAGCAAATA-1,5
ATTCACTTCAGGAAGC-1,4
ATTCATGAGCGTGCGT-1,10
ATTCATGAGGGTCCAC-1,1
ATTCCGGAGCCTCTGT-1,2
ATTCCTAGTGCTCCAC-1,6
ATTCCTCCATAGCTTG-1,3
ATTCGTTTCCTGATTT-1,6
ATTCGTTTCGCTATGG-1,8
ATTGAAGCAACCCTCC-1,1
ATTGAAGCACTAAGAA-1,2
ATTGAAGCATCACTTC-1,8
ATTGACTCACACCAAC-1,1
ATTGCAGGTTGGTGAC-1,10
ATTGCAGGTTGTGACA-1,4
ATTGCGCCAAGCTAAA-1,1
ATTGCGCCAGCCAGAA-1,1
ATTGCTCGTTTGCGCC-1,9
ATTGGCTAGCCGCTAA-1,8
ATTGGCTAGTCATTGA-1,6
ATTGGTTCAAAGGTAC-1,6
ATTGGTTCAGCTAATT-1,7
ATTGTCCGTTCCTCCT-1,2
ATTTAGCCACCCTCAC-1,5
ATTTAGCCACGCAACT-1,1
ATTTAGGTCACGTTAA-1,4
ATTTGCAAGTATTGTG-1,6
ATTTGTGAGAACAAGT-1,1
CAAACAACAATACTGT-1,1
CAAACAACAATAGCCC-1,2
CAAACAACACCGGCTA-1,1
CAAACAACAGGTTACC-1,6
CAAACACTCCTTGCGT-1,4
CAAACATGTACGTTTC-1,5
CAAACATGTCATAAGT-1,3
CAAACATGTTCAAGAT-1,3
CAAACATGTTTACTTG-1,2
CAAACATGTTTGCGCC-1,4
CAAACCGTCCGGTTAG-1,9
CAAACCGTCCTCACTA-1,3
CAAACCGTCCTCATCA-1,5
CAAACGCGTCCTTTAA-1,4
CAAACGCGTTGAGGTC-1,3
CAAACTGGTAATCCCT-1,3
CAAAGCGCAAACAACA-1,9
CAAAGCGCATACTCCT-1,10
CAAAGGATCCCTCAAC-1,7
CAAAGGATCCTAGTTT-1,1
CAAAGGATCCTCCCTC-1,4
CAAAGGATCTTAGCCC-1,6
CAAATCATCAAGCCTG-1,6
CAAATCATCAGCCAAT-1,3
CAAATCATCGCAATCG-1,6
CAAATCATCGGGACCT-1,5
CAACAATGTCAAGTAT-1,5
CAACAGGCAACCCTCC-1,1
CAACAGGCACTTCACT-1,1
CAACAGGCAGTTTCTC-1,4
CAACAGGCAGTTTGGC-1,6
CAACCCGCACCAGCAT-1,3
CAACCCTTCAAGCCTG-1,5
CAACCCTTCATGGCCA-1,7
CAACCCTTCTCGACCT-1,8
CAACCGGGTGCTGTAA-1,3
CAACTAATCTAACCAA-1,8
CAACTAGGTGATGGCT-1,1
CAACTAGGTGGACCTG-1,9
CAACTAGGTTTAAAGC-1,5
CAAGAACCAAACGCGA-1,4
CAAGAACCACAATGTT-1,1
CAAGAACCAGTTGCGT-1,10
CAAGAACCATTGTCAG-1,8
CAAGACAAGACAAACG-1,6
CAAGACAAGATTCCTT-1,4
CAAGACAAGCAAGGAC-1,5
CAAGACAAGCATTATG-1,1
CAAGACAAGGACCTTG-1,1
CAAGCTAGTATTACCC-1,1
CAAGCTAGTCTAACAG-1,10
CAAGCTAGTTGGATCA-1,2
CAAGGCCTCGGCTATG-1,9
CAAGGGAGTGAGGTAG-1,5
CAAGGGAGTTTACTTG-1,1
CAAGGTAAGCGGCTGT-1,2
CAAGGTAAGCTCAAAC-1,6
CAAGGTTTCGCTAGAT-1,6
CAAGTAACAAACTGCC-1,2
CAAGTATGTGGTTCCC-1,5
CAAGTATGTTATCCGT-1,5
CAAGTGAAGACTTACA-1,7
CAAGTGAAGCTCCTTA-1,3
CAAGTGAAGGAGTCGG-1,2
CAAGTGAAGGCAATAG-1,1
CAAGTTATCAAGCTTA-1,1
CAAGTTATCCGGGACT-1,10
CAATAAGCACAGGATG-1,4
CAATAAGCAGCAAGTG-1,2
CAATAGCTCCGTGACA-1,7
CAATATGTCACTCAAA-1,5
CAATATGTCCTCATCA-1,9
CAATATGTCTTAGCCC-1,2
CAATCCCTCAGGCTAT-1,6
CAATCCCTCCTGAGTG-1,4
CAATCCTGTAGCTGCG-1,4
CAATCCTGTAGTAAGA-1,4
CAATCCTGTGTCCTGC-1,1
CAATCTAAGAGAAGGG-1,3
CAATCTAAGCTGTAAC-1,7
CAATCTAAGTTGGATC-1,3
CAATGAACAACAGCCT-1,3
CAATGAACAAGGACCA-1,3
CAATGACTCAGCCAAT-1,1
CAATGACTCATAGACC-1,4
CAATGCCCAACCCTCC-1,3
CAATGCCCAGGCAAGC-1,2
CAATGTCAGCCACAAT-1,1
CAATGTCAGTCACTAA-1,1
CAATGTCAGTTTGGGT-1,4
CACAAGCGTTTGCAGA-1,2
CACAAGCGTTTGTTGC-1,4
CACAGGCTCCCGTTTA-1,1
CACAGGGAGGCGAATA-1,4
CACATAATCATTGCAA-1,4
CACATAATCGGCTATG-1,3
CACATACAGGGACTAA-1,5
CACATACAGTGAGAGC-1,8
CACCGGTAGCTTCCCG-1,2
CACCTCAGTCGCATAA-1,6
CACCTCAGTGCTGTAA-1,3
CACCTCAGTGTGCACG-1,1
CACCTCAGTTGTAAAC-1,4
CACCTGTTCCCTGATC-1,7
CACGCTAAGCGATAAG-1,4
CACGCTAAGCGCCTTT-1,1
CACGCTAAGCGGATAA-1,6
CACTAGCCAAGACTCC-1,4
CACTAGCCAGAGGGAG-1,6
CACTAGCCAGGCTACT-1,1
CACTGACCACTAGGTC-1,6
CACTTAAAGCTGTACG-1,1
CACTTTGTCTTTAGGA-1,5
CAGAACCGTGATTACG-1,3
CAGAATCTCCTCATGC-1,2
CAGAATCTCCTTCTAG-1,5
CAGAATCTCCTTGTTG-1,3
CAGAATCTCGCTCACT-1,4
CAGAATCTCTATCGCC-1,2
CAGATTCAGCGTGCAC-1,1
CAGCAAGCAAACGGGC-1,7
CAGCAAGCAGCAATAA-1,3
CAGCATGTCGCAGGCT-1,2
CAGCATTAGGCCCAGT-1,10
CAGCATTAGGGATGAC-1,8
CAGCCAATCCTCATGC-1,5
CAGCCAATCTACCTCA-1,3
CAGCCAATCTTGTTCG-1,1
CAGCCTAAGCCTCTGT-1,2
CAGCCTAAGCCTGATG-1,8
CAGCCTAAGGTCCTGA-1,10
CAGCCTTTCCTCATCA-1,3
CAGCCTTTCGTTTCGC-1,10
CAGCTAAGTGATTACG-1,1
CAGCTAAGTTCGCTCA-1,9
CAGCTATAGGCACAGG-1,1
CAGCTATAGTAATCCA-1,10
CAGCTCAAGCAAACCT-1,3
CAGGAAGGTATTGGAT-1,3
CAGGAAGGTCAATAGT-1,1
CAGGACACACCGGCTA-1,3
CAGGACACATAAGCAA-1,2
CAGGACCTCGATATTG-1,9
CAGGCTATCCTAATGA-1,3
CAGGCTATCGAGGTGG-1,3
CAGGCTGGTAAAGCGG-1,5
CAGGGCTTCCAGGTTG-1,7
CAGGGTGAGAATCGCT-1,3
CAGGGTGAGCATTTCT-1,8
CAGGGTGAGTTACCGG-1,2
CAGGTCCAGTAACGGA-1,2
CAGGTCCAGTCATTAG-1,1
CAGGTCCAGTCGCTAG-1,2
CAGGTGGAGGAGGCAT-1,5
CAGGTGGAGGGACCTC-1,6
CAGGTGGAGGTGAAAT-1,3
CAGGTTAGTAGCTGGT-1,3
CAGTACCCAATCGCAC-1,4
CAGTACCCACTGACCG-1,7
CAGTATGGTACTTAGG-1,4
CAGTATGGTCCGGTTC-1,3
CAGTATGGTCGTAATG-1,7
CAGTATGGTGATGAGG-1,8
CATAAGCTCATGAGCT-1,1
CATAATCCAGGAACAT-1,4
CATAATGTCCGCCTAT-1,3
CATAGACTCAATCTCT-1,1
CATAGACTCACGCGGT-1,1
CATAGCTAGGAGGTTA-1,7
CATAGCTAGTTATCTC-1,4
CATAGGTTCCTGGCTT-1,6
CATAGGTTCTCACATT-1,9
CATAGTCAGGCGCTAC-1,9
CATATCGCAACGTGCT-1,8
CATATCGCACCTACGG-1,4
CATATCGCACGAACAG-1,1
CATATCGCAGCTTACA-1,9
CATCAATCAAGGCCAA-1,8
CATCAATCACCTCGCT-1,1
CATCAATCACTTCATC-1,2
CATCACACATTGCGTA-1,3
CATCATAAGGAGGGTT-1,3
CATCATGCAATTGACT-1,4
CATCATGCATAAACCT-1,3
CATCATGCATTGCGGT-1,9
CATCCCAGTCCTAATC-1,6
CATCCTCAGGGTTATC-1,2
CATCCTGGTATTGTGG-1,3
CATCCTGGTCAGGAAG-1,3
CATCCTGGTTAAGCTG-1,9
CATCCTGGTTAGGATT-1,5
CATCCTTCACACTAAT-1,2
CATCCTTCATGGTTAT-1,2
CATCGCTTCTTTAAGG-1,4
CATGCAAGTGTTGTGA-1,6
CATGCATAGGCTACAT-1,2
CATGCGCAGGCAGGTG-1,7
CATGCGCAGGCGCTAC-1,5
CATGCGGGTGTTGCTT-1,7
CATGGATTCGTTTCTG-1,6
CATGGATTCTCCATGC-1,1
CATTATGAGTAGCCAT-1,3
CATTCATTCATCCTGC-1,4
CATTCATTCCCGAAGC-1,1
CATTCCTCATAAACCT-1,8
CATTGCGAGAGGATAT-1,4
CATTGCGAGATGGACA-1,3
CATTGTAAGAGCCGCT-1,5
CATTGTAAGTGTGATC-1,8
CATTGTAAGTTCCCAC-1,3
CATTGTGCAAAGCCTC-1,2
CATTGTGCATTATGAC-1,2
CATTTGTTCAGGTCCA-1,4
CATTTGTTCATCCTAT-1,9
CCAAACCCAATGCCCG-1,4
CCAAACCCAGGCGATA-1,9
CCAAACCCATAGTCAT-1,3
CCAAACTAGCAAACCT-1,7
CCAAACTAGCGAAGTA-1,8
CCAAACTAGCTTAACA-1,9
CCAAACTAGGTCCGTA-1,6
CCAAATCAGCCGGTAC-1,6
CCAACATAGATAACCC-1,3
CCAACATAGGAACCAA-1,7
CCAACCAAGCTCCTAC-1,1
CCAACCAAGGAACCAA-1,1
CCAACCAAGTCACGAT-1,8
CCAACCCGTCAAGTGC-1,8
CCAACCCGTTATTGCC-1,1
CCAAGGCTCTGTTGCC-1,8
CCAAGTTAGAGGGACT-1,1
CCAAGTTAGTAGCCAT-1,1
CCAATATCACCGGTAT-1,4
CCACAATAGCTGGACC-1,5
CCACAATAGGCCGGAA-1,2
CCACACAAGCTTAGCG-1,4
CCACAGGGTATCTGGA-1,2
CCACAGGGTGGAAACG-1,3
CCAGACTCATAAAGCA-1,5
CCAGCTAAGGCGCATC-1,7
CCAGCTAAGTAAGAAC-1,6
CCAGGAACACATAACT-1,1
CCAGGAACACCATATG-1,2
CCAGGAACAGAAATTG-1,4
CCAGGAACATCGTTCT-1,3
CCAGGAACATTGTGAT-1,6
CCAGTTTGTCAGGCAT-1,1
CCAGTTTGTGTTGTAG-1,4
CCAGTTTGTTCCAGGG-1,2
CCAGTTTGTTTACGTC-1,10
CCATAAATCCAGGAAA-1,1
CCATAAATCTAACCTT-1,8
CCATAAGGTGAGCGAA-1,3
CCATAATCAAGGCCAA-1,7
CCATAGCCAATGCCCG-1,6
CCATAGCCACAACAGG-1,5
CCATAGCCATTAGCCA-1,5
CCATATTTCACACAGT-1,2
CCATATTTCAGGATGA-1,3
CCATATTTCGGTCAAT-1,4
CCATCACTCACTAATG-1,5
CCATCACTCCTCGATC-1,5
CCATCACTCCTTCGTA-1,2
CCATCACTCGGTCAGC-1,2
CCATCACTCTCTAGCC-1,5
CCATTGTGTCAGGCAT-1,4
CCATTGTGTGTGAGGA-1,3
CCCAAACCAAAGGTAC-1,1
CCCAAACCAAGCCACT-1,8
CCCAAACCAGCTCATA-1,1
CCCAAACCAGGCTACT-1,1
CCCAAATAGCTGTACG-1,7
CCCAAATAGGACCTCA-1,9
CCCAAATAGGATTGAG-1,5
CCCAATTGTTAGTACG-1,8
CCCAGCACAAGGTATA-1,3
CCCAGTTTCGGCCAGT-1,6
CCCATAACAGCCGCTA-1,8
CCCATAACAGGAAGCC-1,6
CCCATAACATTAAGTC-1,6
CCCGCAACACAGAACG-1,3
CCCGCAACACTCAACA-1,5
CCCGCAACATAGACTT-1,2
CCCGCAACATGAATAG-1,4
CCCGTAAAGACCATAC-1,9
CCCGTAAAGCACTAAC-1,4
CCCGTAAAGGCGCTAC-1,3
CCCGTTGTCAGTTCCC-1,3
CCCTAATGTGTTGCTT-1,2
CCCTCACCAGGCATGA-1,5
CCCTCAGTCTAAGGTC-1,8
CCCTCATAGACACTTA-1,7
CCCTCATAGCGCCTAA-1,5
CCCTCATAGTTATCTC-1,3
CCCTGGACAAAGGCCA-1,7
CCCTGGACATCATGTG-1,3
CCCTTAATCCCTCACG-1,4
CCCTTAATCTTGACCC-1,2
CCCTTAATCTTTAGGA-1,6
CCGACAGGTAAGGTCC-1,8
CCGACAGGTTAGCTGA-1,3
CCGATGCAGTTCCTGC-1,2
CCGCAAATCCAGGTTG-1,2
CCGCAAATCCCGAAGC-1,4
CCGCAAATCGTTAACA-1,9
CCGCAAATCTTAGGAC-1,7
CCGCAAGGTCGCAAAC-1,3
CCGCACACAGGCATCT-1,1
CCGCCAACATAGCTGC-1,4
CCGCCAACATGAGCAG-1,8
CCGCCAACATGCAACC-1,4
CCGCTAAAGTATCGCG-1,1
CCGCTAGCAGGTTTGC-1,1
CCGGTAGGTAGCCTAA-1,4
CCGGTAGGTTACCTGT-1,5
CCGGTAGGTTGCCTCA-1,5
CCGGTTAAGGCCATCA-1,5
CCGGTTAAGTTCCCGT-1,3
CCGTGCTGTTAACACG-1,1
CCGTGCTGTTTACCGT-1,3
CCGTTAACACACAATT-1,4
CCGTTAACACATTAAC-1,2
CCGTTAACACCACAAC-1,9
CCGTTAACACCGTTCC-1,7
CCGTTACTCATCCTAT-1,4
CCGTTACTCCTAGTCC-1,4
CCGTTACTCGTCAAGT-1,8
CCGTTGCGTGAGGTAG-1,1
CCGTTGCGTTGGTTCT-1,6
CCGTTTGGTGTTGCTT-1,1
CCTAAATCAACAGGAT-1,8
CCTAAATCACAAACTT-1,4
CCTAAATCACCTACTT-1,2
CCTAAATCATAATGTC-1,2
CCTAAATCATTAAACC-1,2
CCTAAGCCAGTGAACG-1,4
CCTAAGCCATCATGGC-1,5
CCTAAGGTCCTAGTAA-1,8
CCTAAGGTCGGCCAGT-1,3
CCTAAGTAGCATGACT-1,3
CCTAATAAGCTCAATA-1,3
CCTAATAAGTAGGCGG-1,4
CCTAATCGTTCAAGAT-1,4
CCTAATCGTTCACCAT-1,10
CCTAATCGTTGGCCGA-1,4
CCTACTGGTAAGCACC-1,5
CCTACTGGTAGACAAA-1,9
CCTACTGGTGAGAAAC-1,8
CCTAGTTGTTGTTGCT-1,5
CCTATAGCAATTGAGA-1,5
CCTATAGCAGTTTCTC-1,9
CCTATATTCCCTGATC-1,1
CCTATATTCGGTAACT-1,1
CCTATTTAGGTGAAGC-1,7
CCTCAAACACCGGCTA-1,1
CCTCAAACATTGTGAT-1,6
CCTCAATGTGTCCAAA-1,5
CCTCAGTTCACGAATC-1,9
CCTCAGTTCATGACCG-1,4
CCTCCTGAGGAATAAC-1,1
CCTGAATAGTTCCTCA-1,4
CCTGACTTCAATCTAG-1,10
CCTGAGTCAGTCTAAT-1,3
CCTGAGTCATCAGTAT-1,2
CCTGATGAGACAAACG-1,5
CCTGATGAGAGCAAGC-1,6
CCTGCTCCAGCTACGT-1,5
CCTGGATCACAGGGAC-1,3
CCTGGATCATCACTTC-1,5
CCTGGTAAGGAGGGTT-1,1
CCTGGTAAGGCGTAAA-1,4
CCTGTAACACTATGGC-1,6
CCTGTAACAGCACGAA-1,4
CCTGTAACAGCTCATA-1,1
CCTGTAACATAGACCC-1,1
CCTGTATGTGGTTCCC-1,7
CCTGTATGTTTGTGGA-1,9
CCTGTTGGTATTCGCT-1,7
CCTGTTGGTGGTTAGC-1,4
CCTTAACGTACAATGT-1,3
CCTTAACGTTAGACCA-1,6
CCTTACTCAGGGAGGA-1,8
CCTTACTCAGTGAACG-1,7
CCTTACTCATGAATAG-1,2
CCTTAGTGTAGGATCC-1,1
CCTTAGTGTCACAAAT-1,4
CCTTAGTGTGATGATT-1,2
CCTTAGTGTGCATTAG-1,7
CCTTAGTGTTCCGGGA-1,4
CCTTATGTCGATTTGA-1,4
CCTTCAATCAAACTCA-1,3
CCTTCAGGTTGACTTC-1,7
CCTTCGGTCAAGCCTG-1,2
CCTTCGGTCTACCTAT-1,6
CCTTCGTAGCCTGTGA-1,3
CCTTCGTAGCCTTAAA-1,5
CCTTGCGTCCGGTTAG-1,3
CCTTGCGTCCTTAATC-1,2
CCTTGTTCAGTAAGTA-1,3
CCTTTAGTCAAGACTC-1,4
CGAAATGAGGGCTTTG-1,8
CGAAATGAGTAAGGGC-1,10
CGAACAAAGTCGCAAT-1,1
CGAAGCCTCACGCCAA-1,6
CGAAGCCTCACTAAGC-1,4
CGAAGCCTCAGGCTAT-1,2
CGAAGCCTCATGCGTG-1,3
CGAAGCCTCATGCTAA-1,7
CGAAGCGAGGCGAATA-1,4
CGAAGCGAGGTTTGCG-1,4
CGAAGCGAGTTAGCCG-1,7
CGAAGGCCAAATTGCT-1,2
CGAAGGCCACATAACT-1,3
CGAAGGCCATCTAGCA-1,2
CGAAGTAAGAGCAAGC-1,7
CGAAGTAAGGTGTCCA-1,6
CGAAGTAAGTAACGAG-1,3
CGAATATGTAATGGCC-1,9
CGAATATGTCACAGCG-1,2
CGAATATGTCACTCGC-1,3
CGAATATGTCAGTAAT-1,9
CGAATATGTGGAAGGC-1,3
CGAATATGTGGGAACA-1,6
CGAATCTAGCGAGGTG-1,8
CGAATCTAGCTCATAA-1,1
CGAATCTAGCTTAGCG-1,2
CGAATCTAGGATCCGC-1,1
CGAATCTAGGTAAGGC-1,1
CGAATCTAGTCACCAG-1,2
CGACAAGCAAAGCTCC-1,5
CGACCTGCAAGGTGCA-1,3
CGACCTGCACAGACTC-1,10
CGACCTGCACTGACTA-1,5
CGACCTGCATAATCCG-1,7
CGAGCTGGTTAGGACC-1,3
CGAGTCGGTCAAGTAT-1,6
CGAGTCGGTTACATCC-1,5
CGAGTCGGTTCCATTA-1,1
CGAGTCGGTTCGGTAA-1,1
CGATATTCATAATCAC-1,3
CGATATTCATACCCGG-1,9
CGATCCTTCATGCTCC-1,8
CGATCCTTCCTAAGAC-1,5
CGATCCTTCTCAATTC-1,4
CGATGTCCAAATATCC-1,9
CGATGTCCAGTCTATG-1,3
CGATTATCAATTTAGC-1,3
CGATTATCAGAAACGT-1,1
CGATTCCTCTTAATGG-1,6
CGATTGAGTAAGCTTG-1,3
CGATTGAGTGCACGCA-1,3
CGATTTGCAGGTTAAA-1,6
CGATTTGCATCTTGAG-1,2
CGATTTGCATTCCTCG-1,7
CGATTTGCATTGTGCA-1,2
CGCAAATTCACGAATC-1,1
CGCAATCCAATAACGA-1,1
CGCAATCCAGCATGGA-1,2
CGCAATCCATGCTTAG-1,6
CGCAATGTCTGTGCCT-1,7
CGCAATTAGGAGCAAC-1,4
CGCACAATCTCAATAG-1,4
CGCACAATCTCGCCTG-1,5
CGCACACAGCCAGGTC-1,8
CGCACCACAATAAGCA-1,1
CGCATGATCTAATCTC-1,7
CGCATTACAAAGCGGC-1,1
CGCATTACAGCAAGTG-1,3
CGCATTACAGTCTAGC-1,3
CGCATTTGTTAATGCG-1,6
CGCATTTGTTACAACG-1,2
CGCCAAATCATAGCCG-1,4
CGCCAAATCATTACGA-1,5
CGCCAAATCCTAACGG-1,1
CGCCACACAAACCCTA-1,7
CGCCACACAAACTAAG-1,7
CGCCACACAAGGGTTG-1,7
CGCCACACACAGGAAT-1,9
CGCCTCATCGTTAACA-1,1
CGCCTGTGTCACGAAC-1,1
CGCCTGTGTCCAAGAC-1,1
CGCGATTCAATGAAGC-1,9
CGCGATTCAGTAGGTG-1,10
CGCGGATTCATGGCTG-1,6
CGCTAACCATATTGAC-1,3
CGCTAATAGCTCAAAC-1,1
CGCTACTTCCTACCTA-1,6
CGCTACTTCGTTATCT-1,4
CGCTATGAGGAAGCTA-1,7
CGCTATGAGGCTAAGA-1,2
CGCTATGAGTTGGATC-1,1
CGCTATGAGTTGTCAA-1,2
CGCTCAGCAGCCAGTT-1,3
CGCTCCATCATGCTAA-1,8
CGCTGTGCACAACCTA-1,4
CGCTGTGCATACCCGG-1,8
CGCTTAACAATAGCAA-1,3
CGCTTAACATCCATCT-1,6
CGCTTGCGTGATGATT-1,5
CGCTTGCGTTCACTGT-1,8
CGGAATCGTCCTAACT-1,2
CGGAATCGTCTTGCAT-1,9
CGGAATCGTGTTTCAC-1,10
CGGACCTAGCATGTTA-1,3
CGGAGCAAGCGTGCAC-1,4
CGGAGCAAGTTCCCAC-1,3
CGGATAAAGTCGCAAT-1,7
CGGATTAGTAGCTGGT-1,4
CGGATTAGTCAAAGGG-1,7
CGGCAATGTTTATCGC-1,6
CGGCTAATCGAGCTAT-1,4
CGGCTCACAAGGTATA-1,10
CGGCTCACATGCATAT-1,7
CGGGACAAGCATCCAG-1,2
CGGGACAAGGACTTAC-1,5
CGGGACAAGGCTGTGC-1,3
CGGGACAAGTAGAGGC-1,6
CGGGACAAGTTAGAGG-1,4
CGGGCTTAGGCAAGTA-1,2
CGGGCTTAGGCTGTGC-1,4
CGGGTATGTGCTGGTG-1,10
CGGGTATGTGTCACGG-1,4
CGGGTCTAGAGAGCCG-1,2
CGGGTCTAGTAACGGA-1,6
CGGGTCTAGTTTGAGC-1,7
CGGTAACGTGCTCACC-1,9
CGGTAACGTTTGTCTA-1,2
CGGTAACGTTTGTTGC-1,2
CGGTGAACAAACGGGC-1,3
CGGTGAACAACTAGGG-1,6
CGGTGAACAATAGTCT-1,2
CGGTGAACAGGAACCA-1,2
CGGTGAACAGTTTCTC-1,9
CGGTTATAGAGGCTAA-1,4
CGGTTATAGGAACACA-1,5
CGGTTCCGTTAGGATT-1,1
CGGTTGGGTCAATAGT-1,4
CGGTTGGGTTATCCTA-1,3
CGGTTTCTCAAACCTA-1,5
CGGTTTCTCAATGAGG-1,9
CGGTTTCTCCGCAAAT-1,2
CGGTTTCTCCTCGATC-1,4
CGTAACCCAACTCGCG-1,2
CGTAACCCAGCTTAGC-1,10
CGTAACTAGGCCAATT-1,2
CGTAACTAGTAAGAAC-1,1
CGTAATGGTATTGTCC-1,3
CGTACGGGTGCAATGC-1,2
CGTACGGGTGCTGTAA-1,2
CGTAGCGGTGGTGAGA-1,2
CGTATTGCAACCTGGT-1,1
CGTATTGCACCCACAG-1,6
CGTATTGCATCGCTTT-1,5
CGTCAATAGAGGATAT-1,5
CGTCAATAGTCAGGCC-1,1
CGTCATTGTATACTGG-1,2
CGTCATTGTGAGCAAG-1,3
CGTCATTGTGTTGTGA-1,1
CGTCCTAGTCTCAGCC-1,6
CGTCCTAGTTACTAGG-1,3
CGTCCTAGTTTACCGT-1,1
CGTGACATCCAGGGAG-1,7
CGTGACATCTTAATGG-1,1
CGTGAGGAGCGGCTGT-1,6
CGTGCACAGCGCATTG-1,1
CGTGCACAGCTCCTAC-1,1
CGTGCTGCAACGTGCT-1,6
CGTGCTGCACTAGGTC-1,2
CGTGCTGCAGCCGCTA-1,10
CGTGCTGCAGCTTAAT-1,1
CGTGCTGCAGTTTACG-1,4
CGTGCTGCATCCCGCT-1,4
CGTGCTGCATCGCTCC-1,2
CGTGCTTTCAAGCCTG-1,3
CGTGCTTTCACGCCAA-1,8
CGTGCTTTCATGCGTG-1,5
CGTGCTTTCCTTAGGG-1,3
CGTGTGTCACCACAAC-1,5
CGTGTGTCAGTTTGGC-1,6
CGTTAAATCATTTGTC-1,3
CGTTAAATCGGTTTGG-1,6
CGTTAACAGGACCTTG-1,1
CGTTAACAGGCAATAG-1,1
CGTTAGGTCAAACTCA-1,7
CGTTAGGTCGTCAAGT-1,4
CGTTAGGTCGTTATAG-1,7
CGTTAGTAGCACTAAC-1,5
CGTTAGTAGTTTGAGC-1,2
CGTTATCGTGTTGTGA-1,4
CGTTATCGTTGGATAT-1,4
CGTTATTTCCTCACAC-1,2
CGTTGCGCATTATGGT-1,2
CGTTTCTCACAAACTT-1,2
CGTTTCTCAGTAAGTA-1,7
CGTTTGTGTACAATGT-1,1
CGTTTGTGTGCTTAGA-1,7
CTAAAGCTCCCGCCTA-1,6
CTAAATGTCCAGGAAA-1,4
CTAACCACAATTAGCT-1,1
CTAACCACAATTGCGC-1,5
CTAACCACACAATGCC-1,4
CTAACCACAGGTTACC-1,3
CTAACCACATAACGGG-1,4
CTAACCCTCGTTAACA-1,3
CTAACCTGTCAAGTGC-1,4
CTAACCTGTGCTTACT-1,2
CTAACCTGTGGAAACG-1,2
CTAACCTGTGTTAAAC-1,4
CTAAGGTTCACATTGA-1,9
CTAAGGTTCGGCTAGC-1,7
CTAAGGTTCTTGAGCG-1,1
CTAAGTCAGGTGAAAT-1,4
CTAATCCGTTGTTCAC-1,2
CTAATCGCAATATAGG-1,9
CTAATCGCATGAGTTT-1,8
CTAATCTTCCTTGCGT-1,10
CTAATGTCACAGCCTG-1,5
CTAATTGAGAGAGGCT-1,2
CTAATTGAGCACTAAC-1,2
CTAATTGAGCATGCAT-1,4
CTACAACAGCTTTGGG-1,6
CTACAACAGGCATTGT-1,6
CTACAACAGTACCGCA-1,4
CTACAACAGTGAGAGC-1,3
CTACCGGCAATATACC-1,3
CTACCTCAGGCATTAC-1,5
CTACCTCAGGGACCTC-1,1
CTACGAAGTACTGAAT-1,5
CTACGAAGTAGCAGCT-1,6
CTACGAAGTCCCGAAG-1,4
CTACGAAGTTTGGGCG-1,4
CTACTAAAGCCTGGTA-1,1
CTACTAAAGGCAATAG-1,2
CTACTTAGTGCGCGTA-1,1
CTAGATTCAAGCCACT-1,2
CTAGATTCACCTCAGG-1,1
CTAGATTCATAAAGCA-1,4
CTAGCGGGTCACGAAC-1,3
CTAGCGGGTGTGAGGA-1,6
CTAGCTGAGTTTAACG-1,7
CTAGCTTGTAATCGCA-1,6
CTAGCTTGTCCTTAGT-1,5
CTAGCTTGTTACGCAA-1,2
CTAGGACGTAACCACA-1,9
CTAGGACGTTAACGGC-1,2
CTAGGCGGTACGGTAC-1,1
CTAGGCGGTGATGAAA-1,6
CTAGGCGGTGCGCATG-1,7
CTAGGCGGTTGAAGCC-1,3
CTAGGCGGTTGAGGTC-1,1
CTAGTAATCCGGAACC-1,3
CTAGTAGGTACGTTTC-1,3
CTAGTAGGTATTGGTG-1,5
CTAGTAGGTCCAAGAC-1,2
CTAGTCGAGCATGACT-1,4
CTAGTCGAGGCCGGAA-1,3
CTAGTTGCATGGTTAT-1,2
CTATGAGGTTACTTCA-1,10
CTATGAGGTTTGTTGC-1,5
CTATGATCACTAAGCC-1,6
CTATGGCCATAGCTGC-1,3
CTATGGCCATTATCCC-1,5
CTATGTTTCTAAATCG-1,10
CTATTACTCCAATTAG-1,8
CTATTACTCCCTCAAC-1,2
CTATTACTCCTAAGGT-1,8
CTATTACTCGGCCAGT-1,1
CTATTCAGTCATCCTG-1,5
CTATTGAAGCTATGAC-1,2
CTATTGAAGTTATGTG-1,5
CTCAATAAGGTAGCTT-1,3
CTCACTCAGACAAGTG-1,3
CTCACTCAGACAGGCG-1,10
CTCAGGATCATGGCTG-1,2
CTCAGGATCCACCTGT-1,2
CTCATCATCAAACACC-1,3
CTCATCATCAAGCTAC-1,6
CTCATCATCACTTCAT-1,2
CTCATCATCATGAGCT-1,3
CTCATCATCCCAGTAG-1,1
CTCATCATCCTAAGAC-1,2
CTCATGCTCCTGGCTT-1,4
CTCATTAGTGCCGCAA-1,1
CTCATTGTCCTAATAG-1,3
CTCATTGTCTCCATAT-1,5
CTCATTGTCTGCAAAC-1,4
CTCATTGTCTTAGGGT-1,10
CTCATTTAGTTATGGC-1,9
CTCCAAACAAGTGTCC-1,1
CTCCAAACATATAACC-1,4
CTCCAACTCCTTGAGG-1,1
CTCCAACTCGGTTCCT-1,3
CTCCCTGAGGCTGGCT-1,5
CTCCCTGAGTTACTTC-1,2
CTCCGGACAAGATTCT-1,6
CTCCGTCCAGTTTGTG-1,1
CTCCTAATCATGTGGT-1,1
CTCCTAATCCAGGTCA-1,6
CTCCTCACAAGTTATC-1,5
CTCCTCACACGGTTTA-1,1
CTCCTGAGTAAATTGC-1,1
CTCCTGAGTCGCATAA-1,1
CTCGACAAGTAACTCA-1,8
CTCGCTAGTCATTGTC-1,10
CTCGCTAGTTAGTGAT-1,3
CTCGCTCCAACAGGTG-1,2
CTCGCTCCAACTAACT-1,7
CTCTAAGCAAGGTATA-1,2
CTCTATGTCCAAACAC-1,8
CTCTATGTCGTGCTTC-1,6
CTCTCACAGACAAAGT-1,4
CTCTCACAGTAAGGGC-1,6
CTCTGTTCACCTCAGG-1,3
CTCTGTTCATAAGTCT-1,8
CTCTTGATCATAACCA-1,7
CTCTTGATCGCTATAA-1,5
CTCTTGATCGGGACCT-1,6
CTGAAACTCATAACTG-1,3
CTGACATAGAGGGACT-1,6
CTGACCAAGGCGAATA-1,7
CTGATCACAAGCTACC-1,7
CTGATCACACCTGCCT-1,2
CTGCAATAGCGAGGTG-1,3
CTGCAATAGGCTATGT-1,5
CTGCAATAGTGAGGTA-1,5
CTGCTACTCCAGGAAA-1,5
CTGCTATGTATTTGGG-1,10
CTGCTATGTTTAACGG-1,5
CTGCTCCCAATTAGGA-1,4
CTGCTCCCATCGCTCC-1,6
CTGGACCAGCAAGGAC-1,6
CTGGACCAGGCTACAT-1,1
CTGGATGTCCCTGACT-1,2
CTGGCTAAGCTAATCA-1,7
CTGGCTTTCGTCATTT-1,2
CTGGCTTTCTGCAAGT-1,1
CTGGTTACAAGTAAGC-1,6
CTGGTTACAGGCATGA-1,6
CTGGTTTGTACTGATG-1,6
CTGTAACAGAATCGCT-1,6
CTGTAACAGCCGCTTT-1,6
CTGTAACAGTTGGCCA-1,7
CTGTACCTCGCTCCAT-1,4
CTGTACCTCGCTTCTA-1,2
CTGTATTTCCCGTTGT-1,4
CTGTGTGAGCCAAATC-1,1
CTGTGTGAGCGCTCAA-1,2
CTGTGTGAGGCAATAG-1,4
CTGTGTGAGGGTGAGT-1,4
CTGTGTGAGTTGCGTG-1,5
CTGTTAAAGAGAGGCT-1,3
CTGTTAAAGCTATGAC-1,7
CTGTTAAAGTCGCAAT-1,1
CTGTTAAAGTTGTCAA-1,4
CTGTTAAAGTTTGGGT-1,2
CTGTTCATCCGGTTGA-1,7
CTGTTGGAGGACTAAG-1,5
CTGTTGGAGGCAATAG-1,5
CTGTTGGAGGCATTAC-1,2
CTGTTGGAGTGCTGTG-1,4
CTGTTTAGTAGGTTTG-1,3
CTGTTTAGTCAATGTG-1,4
CTGTTTAGTTTATCTG-1,3
CTTAACAAGCATCCAG-1,4
CTTAACAAGGCCGGAA-1,2
CTTAACAAGGCTACTG-1,9
CTTAACAAGGGACTAA-1,10
CTTAAGATCATGGCTG-1,4
CTTAAGATCGGTAACT-1,2
CTTAAGGGTGTTAGCA-1,6
CTTAATGAGGCGAATA-1,4
CTTAATGAGTAAGTCC-1,3
CTTAATGAGTGGCGGA-1,2
CTTACCGGTAGCTGCG-1,6
CTTACCGGTCAAACTG-1,2
CTTACCGGTGAGGTAG-1,1
CTTACCGGTGATGAAA-1,7
CTTACCGGTTAACAGT-1,4
CTTACCTCAGCAACCT-1,3
CTTACTAGTATTGTCC-1,2
CTTACTAGTTGCAATG-1,1
CTTAGGAGTAGGATTT-1,2
CTTAGTTTCGCTAGCA-1,3
CTTATGTTCAGGCTAT-1,2
CTTATGTTCGCGCTAA-1,3
CTTATGTTCGCTAGAT-1,1
CTTATGTTCTAATCAG-1,3
CTTATGTTCTCACACC-1,2
CTTATTGGTGGGTACT-1,8
CTTATTGGTTAATGCG-1,2
CTTCAAGCACACAATT-1,7
CTTCAATTCGCCTGTT-1,1
CTTCACTCAATAGTCT-1,9
CTTCAGGAGGAAGCTA-1,1
CTTCAGGAGGTGAAAT-1,3
CTTCATCCAATCCCTT-1,1
CTTCATCCATTAAAGG-1,2
CTTCATCCATTAGCGC-1,7
CTTCGCGTCCTGTTCA-1,7
CTTCTAAGTTTGAGCA-1,9
CTTCTCAAGCGCAATT-1,2
CTTCTCAAGGGCTAAA-1,5
CTTGAACAGGTAGCTT-1,5
CTTGAATCAGTTAAAG-1,7
CTTGACGAGCAACATC-1,6
CTTGACGAGGGCTAAA-1,1
CTTGCAACACAACAGG-1,1
CTTGCAACAGGAACAT-1,4
CTTGCAACATGTTGGC-1,9
CTTGCGCGTGCTTAGA-1,4
CTTGCGCGTGCTTTAC-1,8
CTTGGACCAAGGTACG-1,3
CTTGGACCAATATGGA-1,10
CTTGGACCAGAATGAC-1,3
CTTGTAAAGGTACCGC-1,1
CTTGTCCAGTGTTGTA-1,9
CTTGTTCCATTGGGAG-1,3
CTTTAGGCATGATTGT-1,1
CTTTAGTTCCCGAAGC-1,4
CTTTAGTTCCCTCAGT-1,2
CTTTATCAGCTAGAAG-1,3
CTTTATGGTGCAACTA-1,3
CTTTCTTGTATGGTGC-1,1
CTTTCTTGTCAAACTG-1,7
CTTTCTTGTCATTGAG-1,2
CTTTCTTGTTATCCTA-1,2
CTTTCTTGTTCATCTA-1,2
CTTTGGGAGTCAATTG-1,3
CTTTGGGAGTTATGTG-1,2
CTTTGGTGTGCGCAAT-1,7
CTTTGGTGTGTGAGGA-1,8
GAAACCCGTCATAGAT-1,9
GAAACCCGTTAGCATG-1,4
GAAACCCGTTCAAGAT-1,4
GAAACTGAGAGAGGCT-1,1
GAAACTGAGCTAATCA-1,1
GAAACTGAGGAGCAAC-1,4
GAAAGCCAGTGAACAG-1,1
GAAAGGCTCAGGTCCA-1,7
GAACACAAGAGGAGTC-1,2
GAACACAAGCGGCTGT-1,1
GAACACAAGCTCAAAC-1,8
GAACCAAAGTCGCAAT-1,8
GAACCAGCACTAGCGT-1,6
GAACCGCTCGCTATAA-1,7
GAACCGCTCGTCAAGT-1,9
GAACCTGTCAAGCTAC-1,2
GAACCTGTCTTAGCCC-1,1
GAACCTGTCTTGCATT-1,2
GAACGAATCGAGGAAC-1,8
GAACTTATCCCAGTAG-1,8
GAACTTATCCTCATCA-1,1
GAAGCCTGTGGGTACT-1,4
GAAGCCTGTTCTTTAG-1,5
GAAGCTAAGACAGGTA-1,3
GAAGCTAAGAGGCTAA-1,4
GAAGCTAAGGGTTATC-1,8
GAAGCTAAGTTTGAGC-1,7
GAAGGAACAATGCCCG-1,3
GAAGGCCCAGTTGCGT-1,1
GAAGGCCCATCGCTTT-1,4
GAAGGCTAGCGCATTG-1,1
GAAGTAAGTCTTGCAT-1,3
GAAGTATAGTAGCGGG-1,1
GAAGTCAAGACACTTA-1,7
GAAGTCAAGATGCCTG-1,9
GAAGTCAAGCTGAGGG-1,3
GAAGTGATCCCTGTTA-1,9
GACAATACAATAGTCT-1,8
GACAATACATTGCGTA-1,6
GACACTAGTTTAAAGC-1,1
GACATAGAGGGATTAG-1,4
GACATAGAGTTTAACG-1,2
GACATTATCCTTAGTT-1,8
GACCGAACAAACTCAT-1,7
GACCGAACAAATGCCC-1,9
GACCGTTCACCAAAGG-1,2
GACCGTTCAGTTTGTG-1,5
GACCTAAGTCATGAGC-1,3
GACCTAAGTCGTAAAT-1,1
GACCTAAGTTCAAGAT-1,7
GACCTAAGTTCCATTA-1,7
GACCTAAGTTTGGCGG-1,1
GACCTAGTCCATTACT-1,8
GACCTAGTCCTAGTAA-1,1
GACCTGATCTTGAGGT-1,10
GACCTGCAGCGGCTGT-1,5
GACCTTTGTGGTTCCC-1,1
GACCTTTGTGTCACGG-1,3
GACGCAACACCTGGTG-1,8
GACGCCTAGGCCTGGT-1,7
GACGTAAAGGCGAATA-1,2
GACTAATGTAATGACT-1,8
GACTCACCAGCCGCTA-1,9
GACTCACCAGGACCAA-1,4
GACTCACCATTGTCCT-1,3
GACTTACAGAATCGCT-1,1
GACTTAGGTGTGTCCC-1,2
GACTTAGGTTGGGTTA-1,4
GACTTGGTCACCTGTC-1,7
GAGAAACGTAATGGAA-1,2
GAGAAACGTAGCTAAT-1,10
GAGAACCAGATGGAGC-1,5
GAGAACCAGCATTTCT-1,2
GAGAACCAGCGAAGTA-1,10
GAGAGGCGTCCTCCAA-1,2
GAGATAAGTATGGTGC-1,5
GAGATAAGTGTTTGAG-1,5
GAGATAAGTTAGAGCC-1,3
GAGCAAATCAATTGGC-1,2
GAGCAAGGTAAATTGC-1,4
GAGCAAGGTAGCTAAT-1,1
GAGCAAGGTGCATTTC-1,5
GAGCAAGGTTCCGCAC-1,3
GAGCATGCAATATGGA-1,3
GAGCATGCACATTAAC-1,4
GAGCATGCATAATTGC-1,3
GAGCCACTCATCCTAT-1,2
GAGCCACTCGCTTGCT-1,6
GAGCCTTCACCTATAG-1,6
GAGCGAAGTCCCGAAG-1,3
GAGCGGTCAGGGAGCT-1,8
GAGCGGTCATAAAGCA-1,6
GAGCTGCTCGCTATAA-1,1
GAGCTTAGTTTGGCGG-1,8
GAGCTTGTCATAGCCG-1,2
GAGGAGGCAGGCTTCG-1,10
GAGGCAAGTAATGACT-1,4
GAGGCAAGTGATGAGG-1,7
GAGGCCTTCACGCGGT-1,8
GAGGCTACAGGCTTGT-1,3
GAGGCTTGTGCTTAGA-1,7
GAGGCTTGTTGGTTAG-1,4
GAGGGAGCAATCCCTT-1,8
GAGGGAGCATGAAATG-1,4
GAGGGAGCATGGTTAT-1,10
GAGGTACAGACAAACG-1,2
GAGGTACAGCCAGGTC-1,1
GAGGTACAGTTCCCAC-1,4
GAGGTAGGTAGTAAGA-1,6
GAGGTGAGTAATCCCT-1,4
GAGGTGAGTCAAGTGC-1,9
GAGGTGAGTGACATAT-1,6
GAGGTTAAGAACCTAC-1,5
GAGTAACCACTAGCGT-1,5
GAGTAACCACTGACTA-1,6
GAGTAACCAGCAAGAT-1,4
GAGTAACCAGTAGCCT-1,4
GAGTAATAGAAGGTGC-1,10
GAGTAATAGGTCGATT-1,1
GAGTCAAAGCGAGTAA-1,1
GAGTGAGGTGACCTGG-1,10
GAGTGAGGTGGATTAT-1,10
GAGTGATCAAACTGTT-1,1
GAGTGATCAAATATCC-1,6
GAGTGATCAAGCCACT-1,9
GAGTGATCACAGCCTG-1,10
GAGTGTTTCACCAATA-1,4
GAGTTACTCAGGTTTA-1,1
GAGTTACTCCCTGGTT-1,8
GAGTTGCGTGTTTGCT-1,10
GAGTTGCGTTATCGAG-1,3
GAGTTTGGTACAATGT-1,5
GAGTTTGGTTGGTTAG-1,2
GATAAAGGTAGCCATA-1,4
GATAAAGGTCATGAGC-1,3
GATAAAGGTGCCTCAC-1,1
GATAAAGGTGGTGAGA-1,3
GATAACGAGGACCTGC-1,2
GATAACGAGTCCTTCA-1,7
GATAACGAGTTAGTGC-1,6
GATAAGCCAATCTCTC-1,5
GATAAGCCACCTGCTC-1,9
GATAATCGTGACATAT-1,2
GATAATCGTGCTCACC-1,2
GATAGACCAGTAATAG-1,4
GATAGACCAGTTAAAG-1,4
GATCAAGAGTAATCCA-1,2
GATCACTAGTGAACAG-1,7
GATCACTAGTTGGCCA-1,1
GATCAGGCAATTGACT-1,2
GATCAGGCACAGAAAC-1,4
GATCAGTTCGTCCTTA-1,4
GATCAGTTCTGCAAAC-1,9
GATCGAGCAACCCTCC-1,5
GATCGAGCAAGTGAAC-1,1
GATCGAGCAGCGCTTG-1,8
GATCGAGCAGGCTAAG-1,8
GATCGATTCCTTTACG-1,1
GATCGATTCGTAACGT-1,9
GATCGCTCACAATGTT-1,1
GATGACTTCATGAAGG-1,2
GATGAGGGTCACAGCG-1,1
GATGAGGGTCTATCGT-1,7
GATGAGGGTGACATGC-1,1
GATGCAGCATGCTTAG-1,6
GATGCATTCCCTCACG-1,6
GATGCATTCCGGCTAA-1,2
GATGCGACAGTATGTT-1,1
GATGCGACATTATGGT-1,3
GATGCTTAGACCATAC-1,2
GATGCTTAGACTTACA-1,9
GATGCTTAGCCTAATA-1,6
GATGCTTAGCTTCTCA-1,1
GATGCTTAGGCTTAAC-1,3
GATGCTTAGGTGAAGC-1,4
GATGGCTGTTGGATAT-1,1
GATTAAGCAATAGCCC-1,9
GATTAAGCAGCAATAA-1,6
GATTACGGTGATCAGC-1,3
GATTACGGTTATCGAG-1,3
GATTACTCAATCATGT-1,5
GATTAGCTCGCCTGTT-1,1
GATTAGTGTGTTAGCA-1,2
GATTATGTCACACAGT-1,1
GATTATGTCCTTCGTA-1,2
GATTATGTCGCCTAAG-1,4
GATTCAATCCGCCTCA-1,4
GATTCAATCCGTGACA-1,7
GATTCAGGTCATCAAG-1,3
GATTCAGGTGGAAACG-1,1
GATTCATCAGGTTACC-1,3
GATTCCTGTAAGCTTG-1,5
GATTCCTGTCAAGTGC-1,5
GATTCCTGTCTTGCTG-1,4
GATTCCTGTTCACCAT-1,4
GATTCGCCAAACAACA-1,3
GATTCGCCACTGGCCA-1,4
GATTCGCCAGCAATAA-1,2
GATTGATGTACGCGCA-1,1
GATTGATGTAGCTAGC-1,3
GATTGATGTCTTGCAT-1,4
GATTGATGTTAACAGT-1,2
GATTGCAGTCTTGCTG-1,9
GATTGGCGTTCGCTTG-1,5
GATTGGTTCACGCCAA-1,3
GATTGGTTCCACAATA-1,7
GATTGTTCAGCAAGTG-1,1
GATTGTTCAGTTATGT-1,1
GATTGTTCATTGCGTA-1,3
GATTTGCAGAGGAAGG-1,7
GCAAACAAGCTTAACA-1,1
GCAAACAAGGAAACTG-1,3
GCAAACCGTAATGGCC-1,5
GCAAACCGTATTGAGT-1,3
GCAAACCGTGTTAGCA-1,8
GCAAACTTCAAGTGTC-1,7
GCAAACTTCACAGCCA-1,3
GCAAACTTCCAAATCA-1,3
GCAACAGCATGCTTAG-1,2
GCAAGTCGTTTAAAGC-1,4
GCAAGTGCACCTGCCT-1,4
GCAATAGAGCGCTAAT-1,4
GCAATAGAGGCGAATA-1,3
GCAATAGAGGTGAAAT-1,8
GCAATATGTTGCTGGG-1,1
GCAATCTAGCATTAGC-1,7
GCAATCTAGGAAGCTA-1,7
GCAATCTAGGAAGTAT-1,2
GCAATCTAGTGGCGGA-1,4
GCAATGAAGGAGGGTT-1,2
GCAATGAAGTTGTCCC-1,7
GCAATGTTCCGGAACC-1,2
GCACGAACAACCCTCC-1,8
GCACGAACACTTAACG-1,6
GCACGAACAGCAACCT-1,6
GCACGAACATCCCGCT-1,3
GCACGCTAGACTTATG-1,7
GCACGCTAGGCGTAAA-1,7
GCACGGTTCAAGCTTA-1,5
GCACGGTTCTGTTCAT-1,5
GCACTAAGTGAAGCCT-1,7
GCACTAAGTGCTCCGT-1,10
GCAGCAACAAGGCCAA-1,4
GCAGCAACAGAAATGC-1,1
GCAGCAACATGCTTAG-1,2
GCAGCCAGTAAATTGC-1,2
GCAGCCAGTAGGTTAT-1,9
GCAGCCAGTATCTGGA-1,6
GCAGCCAGTTACTTCA-1,1
GCAGCCAGTTAGGCTA-1,2
GCAGCCAGTTGAGCCG-1,5
GCAGCCAGTTGCCTCA-1,3
GCAGCTATCACGTTAA-1,1
GCAGGAAGTAACCAGC-1,1
GCAGGACCATTAAAGG-1,7
GCAGGATAGCCGCAAC-1,6
GCAGGATAGCTATTGA-1,9
GCAGGATAGGGATTAG-1,8
GCAGGCTTCCAAGTTA-1,6
GCAGGCTTCCCTCAAC-1,4
GCATATATCAATGACC-1,5
GCATATATCCTTGCGT-1,1
GCATCCTTCGGGATTT-1,2
GCATGAAAGGCGGGTA-1,3
GCATGAAAGGTTTACA-1,8
GCATGAGCAGGCTACT-1,6
GCATTAGGTGTGTGGT-1,5
GCATTAGGTTGCCTCA-1,5
GCATTGCCAAGACTCC-1,2
GCATTGCCACTATGGC-1,3
GCATTGCCATGTTGCA-1,4
GCCAACATCTTGCTAT-1,6
GCCAATAGTTGTGATG-1,3
GCCAATTAGGACTAAG-1,9
GCCACAATCACTTTAC-1,1
GCCACAATCCTAGTCC-1,5
GCCACAATCGACCTGA-1,9
GCCACACAGGACACTT-1,5
GCCACACAGTCATGCG-1,6
GCCACTAAGTTCCTGC-1,8
GCCAGGAAGGCCGGAA-1,2
GCCAGGAAGTCTTGAA-1,9
GCCAGGTTCACTCGCT-1,2
GCCAGGTTCCGTGACA-1,2
GCCAGGTTCTCCATAT-1,7
GCCAGGTTCTTACTCG-1,6
GCCATTACAAGGTGGC-1,8
GCCATTACACCTGCCT-1,1
GCCATTACACTTGTTC-1,9
GCCCAAATCGGCTAGC-1,2
GCCCATAAGAAGGTGC-1,3
GCCCATAAGCATGACT-1,3
GCCCTCATCGAGGTGG-1,6
GCCCTCATCTAAGGTC-1,1
GCCGTGAGTACGGTAC-1,8
GCCTAATAGACCATAC-1,3
GCCTAATAGCGCCTTT-1,2
GCCTACTTCCCAGTAG-1,3
GCCTACTTCCCGTTAC-1,8
GCCTACTTCCCTGTTA-1,5
GCCTACTTCTTGTCCA-1,2
GCCTCAAAGGCGAATA-1,8
GCCTCAAAGTACCGCA-1,9
GCCTCAAAGTTTCCTG-1,2
GCCTCGACACAACAAA-1,9
GCCTCGACAGCACCAT-1,4
GCCTCGACATAAGTTC-1,2
GCCTCGACATCCCTCA-1,7
GCCTGACAGCGATAAG-1,3
GCCTGACAGCGCAATT-1,1
GCCTGACAGCTAGAAG-1,2
GCCTGACAGGCCTTAG-1,9
GCCTGACAGGGATGAC-1,1
GCCTGACAGTAACCCG-1,4
GCCTGACAGTTAACCA-1,3
GCCTGAGGTCCTAATC-1,3
GCCTGAGGTGTTGCAA-1,9
GCCTGCTGTTTCCACG-1,6
GCCTGCTGTTTCCGGC-1,6
GCCTGTGCAACTAGGG-1,3
GCCTGTGCACTATGGC-1,6
GCCTGTGCACTGGCCA-1,1
GCCTTAACATGCTTAG-1,1
GCCTTACTCATTACAG-1,2
GCCTTGCGTTAAGCCA-1,2
GCCTTTATCTGCAACG-1,2
GCCTTTATCTTAGGAC-1,1
GCGAAGCCAAAGCGCA-1,4
GCGAAGCCAGAATGAC-1,1
GCGAAGCCAGGCCAAA-1,1
GCGAAGTAGTACTGGT-1,1
GCGAGTGAGGAACGCG-1,1
GCGAGTGAGGTAAGGC-1,6
GCGATATTCATCAGTA-1,2
GCGATTAGTCCTCCAA-1,3
GCGATTAGTGCTTACT-1,3
GCGATTAGTTAGACCA-1,2
GCGATTAGTTGTCATC-1,6
GCGATTTAGTGAGCGG-1,2
GCGCAAACAAAGCTAA-1,5
GCGCAAACACAAAGAC-1,2
GCGCAAACACCAAAGG-1,7
GCGCAAACAGTACCGT-1,1
GCGCAAACATCAGTAT-1,2
GCGCAAACATCATGGC-1,3
GCGCAAACATTATCCC-1,1
GCGCAATGTCTTACTA-1,6
GCGCGATTCAGTATTG-1,4
GCGCGATTCCGCAAGC-1,4
GCGCTAGGTATTCGTC-1,5
GCGCTAGGTATTGGAT-1,2
GCGCTAGGTCCAAATG-1,7
GCGCTAGGTGTGAGGA-1,7
GCGCTTAAGACAAAGT-1,7
GCGCTTAAGGAGTAAT-1,1
GCGCTTGCAGGGAGCT-1,2
GCGGAACCAAGCTTAT-1,4
GCGGATACAAGCCACT-1,1
GCGGGTTTCGGCTAGC-1,7
GCGGTTATCAGCAAGA-1,6
GCGGTTATCTAAGTGC-1,4
GCGGTTGGTTAAGCCA-1,1
GCGTAACGTAATCGTG-1,8
GCGTAACGTTACTTGC-1,3
GCGTTTCTCTAACCTT-1,1
GCTAACAGTAAAGCAA-1,3
GCTAACCCAGCAACAG-1,3
GCTAACCCATAGCGGA-1,2
GCTAAGAAGGGTGAGT-1,1
GCTAAGAAGGTTACAC-1,6
GCTAAGTTCTTAGGGT-1,9
GCTAGCCAGTTAGCCG-1,6
GCTAGCTCAAGACTCC-1,5
GCTAGCTCATAGCTTG-1,6
GCTAGCTCATCCATCT-1,5
GCTATAGGTGAGACTC-1,1
GCTATTGCAACACCTA-1,3
GCTATTGCACCAAAGG-1,2
GCTATTGCACTGACTA-1,8
GCTATTGCAGTGAACG-1,1
GCTCAACCAAATTCGT-1,6
GCTCAACCAACAGGAT-1,5
GCTCAACCACAACAGG-1,1
GCTCACAAGACAAGTG-1,5
GCTCACAAGTTTGGTA-1,2
GCTCATTGTGTCCAGG-1,8
GCTCCTTAGCTGGCTA-1,2
GCTCTGGCATTGTTGG-1,3
GCTCTGTTCATTTGCT-1,5
GCTCTGTTCTAATTGG-1,7
GCTGACATCTAACTGA-1,1
GCTGACATCTTGCAGG-1,3
GCTGAGGAGCATGAAG-1,9
GCTGATCCAAGATTCT-1,9
GCTGCAATCCATAAGC-1,2
GCTGCATCACATGCTA-1,2
GCTGGATGTACTGAAT-1,2
GCTGGATGTAGGTTAT-1,4
GCTGGATGTCATCCTG-1,7
GCTGGATGTGTGAGAG-1,3
GCTGGTTCAATGCGCT-1,1
GCTGGTTCAATTAGGA-1,5
GCTGGTTCACCTATAG-1,6
GCTGGTTCATAATCAC-1,3
GCTGTACCAGCCGCTA-1,7
GCTGTACCAGTTTGTG-1,3
GCTGTGCAGTATCGCG-1,8
GCTGTGCAGTTCCCAC-1,9
GCTTAAATCACAGACT-1,3
GCTTAAATCATAACCA-1,2
GCTTAACAGTTATCTC-1,5
GCTTACCTCAATTACG-1,4
GCTTAGTAGGAACCGG-1,3
GCTTAGTAGGACCAGG-1,7
GCTTAGTAGTGAACCT-1,3
GCTTATCGTCAAGTGC-1,1
GCTTATCGTCATCAAG-1,5
GCTTATCGTTATTGCC-1,1
GCTTGACCAGCAAGAT-1,1
GCTTGACCATAGCGGA-1,4
GCTTGACCATCACAGC-1,3
GCTTGTTGTTCATTTG-1,2
GCTTTACGTAAGTCGC-1,4
GCTTTACGTCATGCAA-1,4
GCTTTACGTGTGCAAC-1,2
GCTTTACGTTGTGACA-1,3
GCTTTACGTTTAGCGA-1,3
GGAACAATCGTAACGT-1,8
GGAACCACAATTGAAG-1,7
GGAACCACATCAGTAT-1,7
GGAACCTGTACCTTAC-1,2
GGAACGGTCGGTTTCC-1,1
GGAACTAAGCCTGGTA-1,3
GGAACTAAGTTCCTCA-1,2
GGAAGCTAGCCTCTCG-1,4
GGAAGCTAGTAACAGG-1,4
GGAAGCTAGTTGCGTG-1,2
GGAAGTATCCCGAACA-1,2
GGAATCTTCAGGTCCA-1,1
GGAATCTTCTCAATGA-1,2
GGACAGCCAAAGCTCC-1,5
GGACAGCCAACGTGCT-1,5
GGACAGCCAAGGTCCT-1,7
GGACAGCCAGCAACCT-1,4
GGACAGCCATTGACAT-1,4
GGACATAAGGAGCACG-1,6
GGACATAAGTTTAACG-1,6
GGACCTCAGACTCGCA-1,1
GGACCTCAGGACACTT-1,1
GGACCTCAGTCAGTAC-1,3
GGACCTCAGTCTCACC-1,10
GGACGAAGTCACAGCG-1,6
GGACTAAAGCAAGGTA-1,5
GGACTAAAGCCTCTCG-1,2
GGACTAAAGGTCGATT-1,3
GGACTAAAGTTTCCTG-1,1
GGAGCAAGTGATTACG-1,2
GGAGCGATCGCGCTAA-1,1
GGAGCGATCTTGATGA-1,10
GGAGTGAGTTTGTGGA-1,6
GGATACTTCAGGGCCT-1,8
GGATACTTCGAGGAGT-1,2
GGATATTGTTCGCTTG-1,1
GGATGAATCCGTTAAA-1,6
GGATGAATCTCAATAG-1,6
GGATGGCCAAGCGATG-1,5
GGATGGCCACAACCTA-1,3
GGATGGCCAGTTTCTC-1,4
GGATGGCCATTGTCCT-1,10
GGATGTAAGCAAGACA-1,5
GGATGTAAGGATGATG-1,4
GGATGTAAGTAAAGGT-1,8
GGATTATGTACCGAAC-1,1
GGATTATGTTAGGACC-1,7
GGATTCAGTGATGAAA-1,1
GGATTGCGTGACATAT-1,1
GGATTGCGTTTAGTCC-1,5
GGCAAATCAAGCTTAT-1,6
GGCAAATCAGCAAGAT-1,9
GGCAAATCAGCTAACC-1,1
GGCAAATCAGTAATAG-1,8
GGCAAGCCAGTTAGCC-1,3
GGCAGGATCGATATTG-1,2
GGCATGGAGCTTCCCG-1,4
GGCATTAGTCCTAACT-1,5
GGCATTGTCCTCCATA-1,7
GGCCAACTCATCCACC-1,9
GGCCAACTCCATAATG-1,3
GGCCAGTTCAATCTCT-1,9
GGCCAGTTCCCGCCTA-1,3
GGCCAGTTCCCTGGTT-1,1
GGCCATCAGTTAGTGC-1,3
GGCCTAATCATTGCAA-1,1
GGCCTAATCGCTAAAC-1,2
GGCCTAATCGGGCCAT-1,4
GGCCTCTGTATTCGTC-1,4
GGCCTCTGTTCCGCAC-1,5
GGCCTTAAGTTCCTGC-1,9
GGCCTTCGTTTCCACG-1,9
GGCCTTCGTTTGGCTT-1,4
GGCGATACAGGGAGGA-1,10
GGCGATACATAGCAGG-1,3
GGCGCTAGTTTCGCCA-1,5
GGCGGTAAGTGAGCGG-1,5
GGCTAGACAAACTGTT-1,3
GGCTAGACATAAAGCA-1,2
GGCTATGTCCCTCAGT-1,3
GGCTCAATCGTTTCCA-1,1
GGCTCACAGCTAAGTC-1,4
GGCTCACAGGCCCAGT-1,6
GGCTGAGAGGATTGCT-1,8
GGCTGGTTCCTTAGGG-1,5
GGCTGGTTCCTTCAAT-1,5
GGCTGTCAGAGGAAGG-1,4
GGCTGTCAGGATTGCT-1,6
GGCTTCAAGTATGTGC-1,7
GGGATAATCTGGTCCT-1,2
GGGATTAAGCGATAAG-1,3
GGGATTAAGCGGATTT-1,6
GGGATTAAGTAACTCA-1,6
GGGCAATAGGCACAGG-1,4
GGGCAATAGGCCTGGT-1,2
GGGCAATAGTGAGGGT-1,7
GGGCATGAGACTAAGG-1,3
GGGCATTGTGTTCCCA-1,1
GGGCCTAGTGATGAGG-1,1
GGGCGAATCAGGCCTA-1,3
GGGCGAATCCCTCTAA-1,10
GGGCTAACAATAACGA-1,8
GGGTATTTCCCTGACT-1,2
GGGTCAACACAGGAAT-1,6
GGGTCAACAGGCGAGT-1,4
GGGTCACTCATCCACC-1,1
GGGTCACTCATGGCCA-1,2
GGGTCACTCCCGTTAC-1,3
GGGTGAAGTATTTGGG-1,4
GGGTGAAGTGAGCACT-1,4
GGGTTACGTGATGATT-1,5
GGGTTATTCAATGTCA-1,6
GGGTTATTCCTTCAAT-1,7
GGGTTATTCGCTTGCT-1,10
GGGTTATTCGTAATCA-1,5
GGGTTTCCAAACTGTT-1,1
GGGTTTCCAGCAACCT-1,2
GGGTTTGTCCTTCTAG-1,3
GGTAAACCAGTCTAAT-1,9
GGTAAGGGTCAAACTG-1,1
GGTAAGGGTGCAATAT-1,1
GGTAAGGGTTAGTACG-1,2
GGTAATTGTGGACCTG-1,4
GGTAATTGTTCGCTCA-1,5
GGTACAAAGGACAATG-1,6
GGTACAAAGTCACCAG-1,5
GGTACAAAGTTATGTG-1,9
GGTACCGGTGATGGCT-1,2
GGTACCGGTTCCGCAC-1,2
GGTACTAGTTAAGCCA-1,8
GGTAGGAGTGCGCGTA-1,1
GGTAGGAGTGGATTCA-1,8
GGTATGTTCGGTTACG-1,5
GGTATTTCACATAGCC-1,9
GGTCAAGCACAAAGCG-1,1
GGTCAATTCTCGCCCA-1,10
GGTCAATTCTGTAATG-1,7
GGTCAGGAGCCTCTGT-1,2
GGTCAGGAGCGGATAA-1,3
GGTCAGGAGGTAAGCA-1,5
GGTCATTAGCACAGGG-1,1
GGTCATTAGGAGGTTA-1,5
GGTCCATCAGTGAACG-1,1
GGTCCGTAGATAGACG-1,2
GGTCCTGCAAAGCGGC-1,3
GGTCTTGAGCGGGCAA-1,3
GGTGAGCCACCATATG-1,3
GGTGAGCCACCGGTAT-1,2
GGTGAGCCAGCAACAG-1,4
GGTGAGCCATCGCTTT-1,6
GGTGAGGTCCTGCGAA-1,9
GGTGAGTAGGTTTGCG-1,3
GGTGAGTAGTAATCCA-1,1
GGTGATTTCATGCTTT-1,4
GGTGCTGGTTAATGAC-1,4
GGTGCTGGTTCACCAT-1,2
GGTGCTTCAGCTAATT-1,10
GGTGCTTCAGTGAACG-1,2
GGTGCTTCATGTGGGA-1,5
GGTGTGACAGCTTACA-1,3
GGTGTGACAGGCGATA-1,6
GGTGTTGTCGCATCCT-1,2
GGTGTTGTCTCAATGA-1,6
GGTTAATGTGTGCAAC-1,4
GGTTAATGTTAGGCTA-1,3
GGTTACCCACACCAAC-1,2
GGTTACCCACCTGCTC-1,6
GGTTACCCACTTAGGC-1,8
GGTTACTAGCAAGGGT-1,3
GGTTACTAGTTAGTTG-1,2
GGTTAGCGTACTTCAC-1,5
GGTTAGCGTCAGGCCA-1,3
GGTTATATCAGTTCCC-1,1
GGTTATATCTTGCAGG-1,9
GGTTATGGTAGCCATA-1,5
GGTTATGGTAGTTAAC-1,4
GGTTATGGTCCGTAGG-1,6
GGTTATGGTCGAAGTC-1,3
GGTTCTTGTAATGGCC-1,4
GGTTCTTGTACCCACC-1,7
GGTTCTTGTACTGATG-1,2
GGTTCTTGTATTTGGG-1,2
GGTTCTTGTCAATAGT-1,9
GGTTCTTGTGTGCACG-1,8
GGTTGACGTTTGGCGG-1,9
GGTTGAGCAATAATGG-1,8
GGTTGAGCATAAGTTC-1,1
GGTTGAGCATGGCCTG-1,7
GGTTGCGGTACAATGT-1,1
GGTTGCGGTAGGTGTC-1,3
GGTTGCGGTGGCTTCC-1,3
GGTTGCGGTGTGCAAC-1,2
GGTTGCGGTTAAGCGC-1,10
GGTTGCTCACCCTCAC-1,1
GGTTGGTGTATGTGGC-1,7
GGTTGGTGTCCACAAA-1,3
GGTTTAATCACAGCCA-1,2
GGTTTAATCCTTCGTA-1,9
GGTTTAATCGTTCACC-1,3
GGTTTAATCTCACAAA-1,3
GGTTTAATCTCACATT-1,5
GGTTTCTGTAACCAGC-1,2
GGTTTGTAGCGGATAA-1,1
GTAAAGCCATTAAGTC-1,5
GTAAGCAAGCAGCTCA-1,4
GTAAGCAAGTAAACCC-1,1
GTAAGCTTCCTGAATA-1,4
GTAAGCTTCGGGATTT-1,3
GTAAGGTCACCTACGG-1,1
GTAATAGCAAACAACA-1,8
GTAATAGCATAGGCGA-1,4
GTACAATGTACTTCAC-1,2
GTACAATGTGTTGTGA-1,7
GTACACCCAACCTAAT-1,6
GTACACCCACAGGATG-1,3
GTACACCCAGAAATGC-1,5
GTACACCCATGATTGT-1,8
GTACCGGGTAAAGCGG-1,7
GTACCGGGTGGGAACA-1,5
GTACGTAGTGATCATG-1,8
GTACGTAGTGTTGCAA-1,5
GTACTAATCGCAGGCT-1,1
GTACTTAAGAAAGCAT-1,1
GTACTTAAGACTCGCA-1,6
GTACTTAAGGATAAAC-1,3
GTACTTAAGGTTACAC-1,8
GTACTTAAGGTTTGAC-1,4
GTACTTAAGTGAACAG-1,10
GTAGCCATCGCGACAC-1,8
GTAGCTGTCATTACAG-1,1
GTAGGAGGTACGTTTC-1,7
GTAGGAGGTGATGAAA-1,4
GTAGGAGGTTCCATTA-1,3
GTAGGATCAATTGCGC-1,5
GTAGGCGAGAGAGGAG-1,8
GTAGGCGAGTCAGGCC-1,3
GTAGGTGCAAACCCTA-1,1
GTAGTTATCATAAGCC-1,3
GTAGTTATCGCTCCAT-1,5
GTAGTTATCTCACACC-1,5
GTAGTTTCAACACTTG-1,8
GTAGTTTCACATACTG-1,8
GTAGTTTCAGGCTGTT-1,5
GTAGTTTCATAGTCAT-1,2
GTATCGCCATGTCGCG-1,8
GTATGTGGTTAAGTGT-1,5
GTATGTGGTTAGCGTA-1,2
GTATTGCAGACAAGTG-1,1
GTATTGCAGCATGCAT-1,7
GTATTGCAGGGATTAG-1,8
GTATTGTCACCGGTAT-1,5
GTATTGTCATGTCAAT-1,2
GTCAAACTCACCTGTC-1,8
GTCAAACTCAGGCCTA-1,2
GTCAAACTCGTCCTTA-1,3
GTCAATATCAGGCTAT-1,6
GTCAGGCTCTCAATGA-1,9
GTCAGGCTCTTAGCCC-1,4
GTCATCACATAGTCAT-1,5
GTCATCCTCACCATTT-1,4
GTCATCCTCATAATCG-1,1
GTCATCCTCCTTGCGT-1,9
GTCATCCTCGAGCAAA-1,2
GTCATGAGTTGGTTCT-1,2
GTCATGCCATCCCTCA-1,8
GTCATGCCATGAATCT-1,3
GTCCAAGTCGATAACC-1,9
GTCCAAGTCTCACTAT-1,2
GTCCAGGGTAGGATTT-1,5
GTCCAGGGTCAGGCCA-1,2
GTCCAGGGTGTTGTGA-1,2
GTCCGTAAGGCCAATT-1,3
GTCCGTAAGTATTGGC-1,9
GTCCTAGAGGTTACAC-1,4
GTCCTCAGTCAGGCCA-1,2
GTCCTCCCACACAATT-1,1
GTCGAAGCAACTGGGA-1,6
GTCGAGGAGGTAAGCA-1,7
GTCGAGGAGGTGAAAT-1,7
GTCGCAATCCGTGACA-1,5
GTCGCAATCGTAACGT-1,4
GTCGGTTCAACCTAAT-1,9
GTCTAATCATAGGCGA-1,4
GTCTAGCCAAGTAAGC-1,9
GTCTCACTCATGGTTA-1,8
GTCTCACTCCCGTTAC-1,8
GTCTCACTCCTAAATG-1,8
GTCTTGCTCAGGTTTA-1,9
GTCTTGCTCTTGACCC-1,2
GTCTTGCTCTTGCATT-1,4
GTCTTTAGTTGGTTAG-1,2
GTCTTTAGTTGTGACA-1,2
GTCTTTGTCCGGGACT-1,2
GTCTTTGTCGTTACAA-1,4
GTGAACAAGCTAGAAG-1,9
GTGAACAAGTGACCTG-1,3
GTGAACAAGTTTCCTG-1,7
GTGAATCTCAGCTAAC-1,2
GTGAATCTCAGGATGA-1,5
GTGAGCGAGGTGTTAC-1,5
GTGAGGAGTTGGCGTG-1,3
GTGATCAGTGACATGC-1,1
GTGATGAAGCCACAAT-1,6
GTGCAAGCATGCAACC-1,10
GTGCACGGTGAGCGAA-1,9
GTGCACGGTTGGATAT-1,10
GTGCATTAGCAAGATG-1,3
GTGCCTTTCCTTAGTT-1,7
GTGCCTTTCTTAGGAC-1,10
GTGCGCAGTGACATGC-1,4
GTGCGCAGTGCTTAGA-1,6
GTGCGGTTCATGGTTA-1,3
GTGCTCCGTAAAGCGG-1,6
GTGCTCCGTGGATGTC-1,1
GTGCTGGGTCACCAAA-1,6
GTGCTTACAGAAATTG-1,4
GTGCTTCTCCACCTTA-1,9
GTGCTTCTCTAACCTT-1,8
GTGGACACACTAAATC-1,1
GTGGACACAGGTATTT-1,3
GTGGATGCACCTCGCT-1,6
GTGGCTTCACCAGGTT-1,1
GTGGCTTCACGAATCC-1,4
GTGGCTTCAGTAGCCT-1,3
GTGTCCAAGGCTGGCT-1,1
GTGTGAGCAGGAACTG-1,3
GTGTGTTAGGGACTAA-1,6
GTGTGTTAGTAACGAG-1,10
GTGTGTTAGTAAGAAC-1,1
GTGTGTTAGTCATTAG-1,9
GTGTTACAGGTAAGCA-1,3
GTGTTACAGGTACCGC-1,2
GTGTTCCTCCGTGACA-1,7
GTGTTCCTCCTGGCTT-1,1
GTTAACCAGTAAGAAC-1,1
GTTAACCAGTTATTCC-1,6
GTTAACCAGTTGGGCC-1,2
GTTAACGGTAAGGTCC-1,2
GTTAACGGTGAAACAA-1,9
GTTAACGGTTCACCAT-1,4
GTTAAGCTCAAGTGTC-1,3
GTTAAGCTCAATCTAG-1,8
GTTAAGCTCCCTCAGT-1,8
GTTAAGCTCCCTTGCG-1,9
GTTACAGGTTGGATAT-1,7
GTTACCTGTTAATGAC-1,5
GTTACCTGTTCCTGAT-1,4
GTTACGCCAACACCTA-1,5
GTTACGCCAGTAGCCT-1,1
GTTACGTAGGAGGACT-1,7
GTTACGTAGGGCTAAA-1,1
GTTACTAAGGACGTAA-1,2
GTTAGACTCACTCAAA-1,1
GTTAGGCGTTTGTCTA-1,2
GTTCACCTCAGGCCTA-1,8
GTTCACCTCATGGCTG-1,2
GTTCACCTCCAAATCA-1,1
GTTCACCTCTCACAAA-1,5
GTTCATTTCGACAAAG-1,4
GTTCATTTCGAGCAAA-1,8
GTTCCCAGTTTGCAGA-1,3
GTTCCTGGTTTCGCCA-1,3
GTTCCTTCACCTATAG-1,6
GTTCGCTTCAATGTCA-1,4
GTTCTCATCGAAGCGG-1,1
GTTCTCATCGGGCCAT-1,1
GTTCTTAGTAGGTTTG-1,3
GTTCTTGTCACAAGCT-1,2
GTTCTTGTCACTTTAC-1,1
GTTCTTGTCCCAGTAG-1,2
GTTGCATAGCGCAATT-1,2
GTTGCATAGCTGTACG-1,6
GTTGCATAGGGCCACT-1,7
GTTGCATAGTAGCGGG-1,8
GTTGCATAGTTTAACG-1,2
GTTGCCCGTTAGACCA-1,1
GTTGCGGGTTAGCAGC-1,1
GTTGCTGAGATTGAGG-1,1
GTTGCTGAGGATTGAG-1,1
GTTGCTGAGTTGCCTC-1,1
GTTGGAGCAGGTCCTG-1,1
GTTGGCGGTAGGTTTG-1,1
GTTGGCGGTGTAACCA-1,5
GTTGTTGCATTATGGT-1,6
GTTTAACCATTAAGCT-1,1
GTTTACCGTTAGCTGA-1,4
GTTTACCGTTGAGGTC-1,7
GTTTAGCAGATAGACG-1,8
GTTTAGCAGGTCGAGG-1,10
GTTTCAGCACAGGAAT-1,9
GTTTCCTCACACCAAC-1,9
GTTTCCTCACAGAAAC-1,5
GTTTCCTCAGAGAGCC-1,9
GTTTCTAGTTGACTTC-1,2
GTTTGTAAGGAACACA-1,7
GTTTGTAAGGAACCGG-1,3
GTTTGTAAGGCATGTT-1,6
GTTTGTCGTATGGTGC-1,2
GTTTGTCGTCCGCTGT-1,3
GTTTGTCGTTTGTTGC-1,1
GTTTGTTTCAATGTCA-1,5
GTTTGTTTCTGTGCCT-1,7
TAAACAGCAGCATGGA-1,9
TAAACAGCAGGCTAAG-1,3
TAAACAGCATGGAGGC-1,4
TAAAGCCTCCCTCAAC-1,1
TAACAAGCAAACAACA-1,5
TAACAAGCAAAGCTAA-1,5
TAACAAGCAATAACGA-1,2
TAACAAGCATTGCAGC-1,6
TAACCGGTCGCATTAA-1,10
TAACCGGTCTAATCCT-1,9
TAACCTAAGCATGACT-1,2
TAACCTAAGCGTGCAC-1,6
TAACCTAAGTCAATTG-1,8
TAAGCCTAGGACAATG-1,4
TAAGCCTAGTGAGCGG-1,1
TAAGCTATCACCAATA-1,1
TAAGCTATCGTTATCT-1,2
TAAGCTGGTCCTGATT-1,7
TAAGCTGGTTGGTTAG-1,1
TAAGCTGGTTTGGCGG-1,4
TAAGGACCACTAAGAA-1,8
TAAGGCTTCTTGTCCA-1,4
TAAGTGCTCACCGGTA-1,3
TAAGTGCTCCACCTGT-1,8
TAATCACCAGGAACCA-1,6
TAATCCGCAGGCTAGA-1,9
TAATGCATCATGCATA-1,4
TAATGCATCATTACGA-1,4
TAATGCATCCCTGACT-1,3
TAATGCATCGGCCAGT-1,4
TAATGGACATAAGTCT-1,9
TAATGGTGTTCGCTCA-1,7
TAATGGTGTTTATGGG-1,5
TAATTGCCACTTCATC-1,2
TACAACATCTCCATAT-1,6
TACAAGCTCAAACCGT-1,7
TACAAGCTCTTAGCCC-1,2
TACAGCTAGCTATATG-1,4
TACAGGTTCCGTGACA-1,3
TACATCAAGATAGACG-1,7
TACATCAAGCACCACA-1,6
TACCAAATCGCTCCAT-1,1
TACCCGGCAGCAATAA-1,6
TACCCGGCAGGCTTCG-1,3
TACCCGGCATTAAGTC-1,1
TACCGAAGTCAAGACC-1,1
TACCGAAGTTAGAGGG-1,1
TACCGCAAGGGTCCAC-1,1
TACCGCAAGGGTGAGT-1,4
TACCGTTGTGTTGTGA-1,8
TACCGTTGTTAGCCAA-1,1
TACCGTTGTTCAAGAT-1,5
TACCTCATCATGTTTC-1,10
TACCTCATCCTAAGTA-1,2
TACCTGCTCCCTCTAA-1,7
TACCTGCTCGAAGTAG-1,1
TACCTTAGTTACTAGG-1,4
TACCTTAGTTGGATAT-1,7
TACCTTTAGCACGTTG-1,3
TACCTTTAGCCGCTTT-1,7
TACCTTTAGTATGTGC-1,4
TACGCACCAATTAAGG-1,2
TACGCACCACAAAGAC-1,8
TACGCACCACCAGGTT-1,5
TACGCTTGTAAGTCGC-1,3
TACGCTTGTATTGTGG-1,5
TACGCTTGTCCTTCAG-1,9
TACGCTTGTGGACCTG-1,6
TACGCTTGTTATTGCC-1,5
TACGGATTCCCATAGG-1,4
TACGGATTCCCTCACG-1,2
TACGGATTCTACCTAT-1,3
TACGGTTAGGAGGACT-1,2
TACGTAATCTTTGAGA-1,4
TACGTACAGACAAAGT-1,5
TACGTACAGGAAGCTA-1,2
TACGTACAGGCTAATC-1,7
TACGTACAGGGCCATC-1,3
TACGTACAGTTGCGTG-1,1
TACGTACAGTTTGAGC-1,6
TACGTTAAGGAGTAAT-1,2
TACGTTAAGTCATTTC-1,9
TACTAAGTCCTAAGGT-1,5
TACTCAAAGACAAACG-1,6
TACTCAAAGTCACGAT-1,4
TACTCGCTCGCTAGCA-1,3
TACTGACAGAAAGCAT-1,2
TACTGCACACCAGCAT-1,9
TACTGCACAGCCTGCA-1,3
TACTGCACATCACTTC-1,9
TACTGGCCACCGGTAT-1,3
TACTGGCCAGCATGAG-1,8
TACTGGCCAGTTAAAG-1,1
TACTGGCCATGACTAT-1,6
TACTTCGTCGCACAAT-1,10
TACTTCGTCGTCAAGT-1,4
TACTTGTTCTTTGAGA-1,4
TAGACCAGTATTCGCT-1,8
TAGACCAGTTGAAGCC-1,3
TAGAGCCGTAACGGGA-1,2
TAGAGCCGTAATGGCC-1,3
TAGAGCCGTATTTGCC-1,9
TAGCAGGCAAAGCTAA-1,2
TAGCAGGCAAGTGTTT-1,7
TAGCAGGCAGCTAATT-1,5
TAGCAGGCAGTAATAG-1,2
TAGCCGGGTAACAGGG-1,4
TAGCCGGGTGGAGCAA-1,3
TAGCCTCTCTAACTGA-1,1
TAGCCTGAGACTCGCA-1,1
TAGCCTGAGCATGTTA-1,1
TAGCCTGAGGTGAGAC-1,5
TAGCCTTGTCTCAGCC-1,4
TAGCCTTGTCTTGCTG-1,1
TAGCGGACACAGACTC-1,2
TAGCGGACAGCTAACC-1,2
TAGCGGACAGGACCTT-1,2
TAGCGGCTCCTTGCAC-1,2
TAGCGGCTCTGTTCAT-1,5
TAGCTAATCATCCTAT-1,5
TAGCTTAAGCTTCTCA-1,6
TAGCTTGCACTAAATC-1,1
TAGCTTGCAGATAGAC-1,9
TAGGAACCAAGGGTTG-1,1
TAGGAACCATGAAATG-1,9
TAGGAGGGTGCAATAT-1,3
TAGGAGGGTGGTGAGA-1,7
TAGGAGGGTGTAACCA-1,4
TAGGAGGGTTAATGAC-1,4
TAGGCTAGTTAGTACG-1,8
TAGGCTAGTTTGGCGG-1,5
TAGGCTGTCAGCACCA-1,2
TAGGCTGTCCCTGGAA-1,4
TAGGCTGTCTCATCAT-1,8
TAGGCTTAGTAACGAG-1,1
TAGGCTTAGTCGCAAT-1,2
TAGGGTTTCTTAGGAC-1,6
TAGGTTATCAGAAACG-1,7
TAGGTTATCATTCATC-1,1
TAGGTTATCCTCACAC-1,8
TAGGTTATCTCCTCTT-1,8
TAGGTTGGTGGGAACA-1,6
TAGTAACGTACTGATG-1,7
TAGTAACGTGAGCGAA-1,1
TAGTAAGCATCCATCT-1,3
TAGTAGGAGCTCGCTT-1,2
TAGTCAATCGTACCGA-1,2
TAGTCAATCTCGACCT-1,1
TAGTGAGAGGCCAATT-1,8
TAGTGGCGTTAGTTGG-1,9
TAGTGGCGTTTACGTC-1,2
TAGTTGTCACCGGCTA-1,5
TAGTTGTCACCGGTAT-1,3
TAGTTGTCATGAAATG-1,6
TAGTTTGAGCCTGACA-1,2
TAGTTTGAGTCAATCA-1,9
TATAACCCAATTAACC-1,3
TATAGCTCAAGGCCAA-1,7
TATAGGTGTAAGCACC-1,2
TATAGGTGTACTGAAT-1,6
TATAGGTGTTTGGCGG-1,5
TATCACAAGCTCAATA-1,2
TATCACAAGTAAAGGT-1,9
TATCACAAGTATTGTG-1,2
TATCACGCAGTCTATG-1,2
TATCCAGCAATGCGCT-1,3
TATCCAGCAGCATGGA-1,4
TATCCGGAGGGACGCA-1,2
TATCCGGAGTCACGAT-1,1
TATCGAGGTTTCGCGC-1,5
TATCGCACAAACTGCC-1,4
TATCGCACATAGGCGA-1,2
TATGACATCCGTTATT-1,9
TATGACATCGGTCATG-1,6
TATGACTCATAAACCT-1,7
TATGACTCATAGCTGC-1,5
TATGCATCAAGCTTTG-1,5
TATGCATCACAATACT-1,9
TATGGATGTCGTTATC-1,1
TATGGATGTTGTTCAC-1,1
TATGGCCCAAACCTAT-1,7
TATGGGCGTAGGATCC-1,8
TATGGGCGTATTGTGG-1,5
TATGGTCAGCACTAAC-1,6
TATGGTCAGGAACGGT-1,8
TATGTGATCACGCGGT-1,1
TATGTGATCAGCAAGA-1,8
TATGTGATCAGGTCCA-1,7
TATGTGATCCCGCAAA-1,1
TATTAGCCAGGCTAAG-1,7
TATTAGCCATACTCCT-1,3
TATTAGCCATTAGCGC-1,9
TATTAGGTCCTCAGCT-1,7
TATTCGTTCCCGCAAA-1,4
TATTCGTTCCCTGACT-1,6
TATTCGTTCCGTAAAC-1,2
TATTCGTTCTTGCATT-1,5
TATTCGTTCTTTGACT-1,6
TATTGACCAAGTGAAC-1,1
TATTGACCAATTGACT-1,6
TATTTGCTCTTGCATT-1,4
TATTTGGAGCTTGCTC-1,2
TATTTGGAGGGTGAAC-1,1
TCAAACCAGTGTGATC-1,7
TCAACAATCCTGGTCT-1,2
TCAACAATCTGGTCCT-1,3
TCAACAATCTTAGCCC-1,4
TCAAGACTCACATTGA-1,6
TCAAGCTAGGACCAGG-1,7
TCAAGCTAGGATTGAG-1,1
TCAAGGAAGGAGTAAT-1,3
TCAAGGTTCAATTACG-1,8
TCAAGGTTCCTCATCA-1,8
TCAAGGTTCGTTATAG-1,2
TCAAGTATCCGGTTGA-1,3
TCAAGTATCGTCAAGT-1,1
TCAAGTATCGTTAGTA-1,3
TCAATCGCAAGCTACC-1,4
TCAATCGCATGCTATG-1,1
TCAATCGCATTAAACC-1,8
TCAATCGCATTAAGCT-1,1
TCACCGGCATGACTAT-1,2
TCACCTCAGCCTAATA-1,5
TCACCTCAGGGCCACT-1,9
TCACCTCAGTCACCTC-1,10
TCACCTCAGTTAGACC-1,1
TCACCTGGTGAATCGC-1,8
TCACCTGGTGTTTGCT-1,6
TCACGGATCAGCCAAT-1,2
TCACTGACAGTGAACG-1,3
TCACTGACATAAGTCT-1,2
TCAGCAAGTCTAACAG-1,1
TCAGCAAGTTAGGACC-1,2
TCAGCCTTCCTAGTCC-1,1
TCAGGAGCAATAACGA-1,1
TCAGGAGCAGTTAGCC-1,2
TCAGGAGCATAGACCC-1,3
TCAGGAGCATTGTGAT-1,2
TCAGGTCCATAAGTCT-1,5
TCAGGTTAGAGCCGGA-1,7
TCAGTAATCAAACCGT-1,3
TCAGTAATCGCCTGTT-1,1
TCAGTAATCTCCTCTT-1,9
TCAGTAGGTAGGATCC-1,10
TCAGTAGGTGAGACTC-1,3
TCATAACCAGTCTATG-1,5
TCATAACCATTGCGGT-1,2
TCATACTTCACTTTAC-1,5
TCATACTTCCTAGTTT-1,5
TCATGAGGTATTGTGG-1,7
TCATGAGGTGGATTGC-1,7
TCATGAGGTTCATTTG-1,1
TCATGCCTCAGCTAAC-1,1
TCATGCCTCTGTTCAT-1,10
TCATGTTTCACAGCGC-1,2
TCATGTTTCATTTGCT-1,5
TCATGTTTCTGGTCCT-1,9
TCATTACTCCTCCTAA-1,4
TCATTGCGTCGTAATG-1,1
TCATTTGGTATTGTCC-1,2
TCATTTGGTTATAGCG-1,5
TCCACAACACCTACTT-1,9
TCCAGCAAGCGCTCAA-1,2
TCCAGGATCAACAAGG-1,5
TCCAGGATCAATCTAG-1,1
TCCAGGATCCCTCAGT-1,4
TCCATAAAGGATAAAC-1,3
TCCATCATCACAAGCT-1,5
TCCATCATCCCTCATA-1,7
TCCATCATCCCTGATC-1,9
TCCATTGTCCTAGTAA-1,6
TCCATTGTCGTTTCTG-1,1
TCCCGGACAAACTCAT-1,2
TCCCGGACACCGGTAT-1,3
TCCCGGACATCACAGC-1,2
TCCCGGACATGTGGGA-1,4
TCCCGGACATTGTCAG-1,3
TCCCGTTAGGTAAGGC-1,4
TCCCTCACATCTTGAG-1,10
TCCCTGGTCAAACCGT-1,4
TCCGCCATCAGCAAAG-1,4
TCCGGAATCGCTAGAT-1,6
TCCGGAATCTATGACA-1,8
TCCGGTAAGGTCCTAG-1,2
TCCGGTAAGTGGCGGA-1,3
TCCGGTAAGTTCCTCA-1,6
TCCGGTTTCCACCTGT-1,10
TCCTCAATCATTGCGG-1,6
TCCTCAATCTACTAAG-1,4
TCCTCACAGGCTACAT-1,1
TCCTCACAGTCTGGGC-1,2
TCCTCTAAGCGCAATT-1,1
TCCTCTAAGGGATGAC-1,7
TCCTCTAAGTCGCAAT-1,4
TCCTGGTTCGACAAAG-1,6
TCCTGGTTCTTAATGG-1,8
TCCTGTTCACTGGCTG-1,5
TCCTGTTCAGCATGTC-1,4
TCCTTAGTCGCTAAAC-1,2
TCCTTAGTCTTGAGGT-1,1
TCCTTGCAGCATTAGC-1,4
TCCTTTACAGGAACCA-1,7
TCGATTAAGCCGCTTT-1,9
TCGATTAAGCGAAGTA-1,1
TCGATTAAGGATGATG-1,2
TCGCCCATCTTGAGGT-1,5
TCGCGAGGTACCAGGT-1,3
TCGCGCACACTAAGTT-1,2
TCGCGCACAGAATGAC-1,3
TCGCTAACACTTCACT-1,2
TCGGTAAGTCCGGTTC-1,7
TCGGTAAGTGACATGC-1,4
TCGGTTACAGCCGCTA-1,4
TCGGTTCTCAGCCAAT-1,10
TCGGTTCTCTTAGTCT-1,1
TCGGTTTGTACCAGGT-1,1
TCGGTTTGTGAGAAAC-1,1
TCGTAATCACAACCTA-1,5
TCGTCAACAATTATGC-1,3
TCGTCAACACAGAACG-1,9
TCGTCAACAGCAGGTA-1,4
TCGTGCTTCCTGCGAA-1,2
TCGTTAAAGAGAAGGG-1,1
TCGTTAGCAGACAAAC-1,1
TCGTTAGCAGCATGTC-1,8
TCGTTAGCATCGTTCT-1,3
TCGTTATTCAAGCTTA-1,1
TCTAACCGTCACGGAT-1,7
TCTAACCGTCATAACG-1,1
TCTAACCGTCCTAGTT-1,8
TCTAACCGTCCTTCTC-1,2
TCTAACTTCCAATAGC-1,3
TCTAAGGGTTTAACCC-1,3
TCTAATCTCCTTCTAG-1,1
TCTACCTCAGTAGGAT-1,8
TCTACTAGTCATAGAT-1,3
TCTAGCACACCCACCT-1,10
TCTAGCCTCAATGACC-1,4
TCTAGCGAGAAGCTAG-1,4
TCTAGCGAGGCCGGAA-1,4
TCTCAAGCAAGGTACG-1,1
TCTCAAGCAGCTAACC-1,9
TCTCACCAGTAACCCG-1,7
TCTCACCAGTCGCTAG-1,9
TCTCCTCGTATTGGTG-1,7
TCTCCTCGTCTAACCT-1,2
TCTCCTCGTGCTAGAC-1,1
TCTGGCTTCATGCGTG-1,4
TCTGGCTTCATTATGG-1,3
TCTGGCTTCGCAATCG-1,5
TCTGTGACAAGTCGCT-1,6
TCTTAGCGTAGCCTCC-1,4
TCTTAGTTCTACCTGC-1,9
TCTTAGTTCTCAATGA-1,1
TCTTCAAGTAGGTTAT-1,2
TCTTCAAGTTACTTCA-1,9
TCTTCAAGTTATCGAG-1,5
TCTTGACGTTAATGAC-1,1
TCTTGTCCACTTGTTC-1,1
TCTTGTCCATAATCCG-1,1
TCTTTGTAGGTTAGCT-1,6
TCTTTGTAGTCAATTG-1,5
TGAAACTGTTGTGACA-1,9
TGAACAACAATTAGGA-1,1
TGAACAGAGGACTTAC-1,6
TGAACAGAGGAGCAAC-1,1
TGAAGCAAGCATCCAG-1,1
TGAAGCAAGGATTGCT-1,1
TGAAGTGAGATAAAGC-1,2
TGAAGTGAGGCAACAA-1,8
TGACCAAGTATTTGGG-1,1
TGACCAAGTGAATCGC-1,1
TGACCAAGTTCCTGAT-1,3
TGACCTTGTAACCACA-1,2
TGACCTTGTAGCTAGC-1,5
TGACCTTGTTATCCTA-1,2
TGACCTTGTTCGCTCA-1,2
TGACCTTGTTGGATAT-1,8
TGACTCCTCATCCACC-1,1
TGACTCCTCCCGTTAC-1,3
TGACTCCTCTCAATTC-1,1
TGACTTAAGGACTTAC-1,6
TGAGAACCATAATCGT-1,6
TGAGAACCATAGACCC-1,1
TGAGCCGGTTCACCCA-1,2
TGAGCTTAGCCTGAGC-1,1
TGAGCTTAGGATTGCT-1,4
TGAGGAGGTTAGGTTG-1,4
TGAGGAGGTTCCGGGA-1,1
TGAGGCACAACCCTAA-1,4
TGAGGCACATTAGCCA-1,6
TGAGGGAGTTTGCTGT-1,2
TGAGGGCCATAGCGGA-1,6
TGAGGGCCATGCATAT-1,3
TGAGGTGCAAGTGAAC-1,2
TGAGGTGCACATTAAC-1,3
TGAGGTGCAGGTTTGC-1,2
TGAGTTTCAAGGTCCT-1,2
TGAGTTTCAGGTTCAC-1,4
TGATCACAGCAGCTAT-1,4
TGATCACAGCTAATTG-1,4
TGATCAGGTAGGTTAT-1,1
TGATCAGGTCAGGCAT-1,3
TGATCAGGTGATCAGC-1,6
TGATCAGGTTGTAACG-1,6
TGATCAGGTTGTGATG-1,7
TGATCCTGTATTCGTC-1,1
TGATCCTGTTCCTCCT-1,10
TGATCCTGTTTGCGCC-1,7
TGATCGAGTAGTTAAC-1,8
TGATGAACAAATACCT-1,3
TGATGAACACTAGCGT-1,10
TGATGACTCAGTGAAG-1,2
TGATGACTCCTCAGCT-1,4
TGATGACTCCTGGCTT-1,1
TGATGACTCGTCAAGT-1,7
TGATTAGTCGGGCCAT-1,8
TGATTAGTCGGTCATG-1,1
TGATTCAAGTAATCCA-1,9
TGATTGCAGCATGAAG-1,2
TGATTGCAGCGTGCGT-1,8
TGATTGCAGCTTATGA-1,1
TGATTGCAGTCTTGAA-1,2
TGATTGCAGTTATGTG-1,6
TGCAAGCGTCCAAATG-1,5
TGCAATATCGGGACCT-1,9
TGCACACCAACTCGCG-1,3
TGCACACCATTATCCC-1,2
TGCACCTTCTTAGCCC-1,5
TGCACTTGTCCAAGAC-1,8
TGCACTTGTCCTTCTC-1,2
TGCAGGCTCACCAATA-1,1
TGCAGGCTCAGGAAGC-1,6
TGCAGGCTCATAATCG-1,3
TGCAGGCTCCATCAGG-1,4
TGCATCCTCCATAAGC-1,6
TGCATGAGTAAGCACC-1,6
TGCATGAGTCAATACG-1,6
TGCATGAGTTACTAGG-1,3
TGCATGAGTTTCCACG-1,2
TGCATGAGTTTGGTTC-1,5
TGCATTAAGAGAGCCG-1,10
TGCATTAAGCTTCTCA-1,1
TGCCATTGTTTCCGGC-1,4
TGCCGGTAGGTGCGGA-1,7
TGCCGGTAGGTTACAC-1,2
TGCGATTAGGCAAGTA-1,3
TGCGATTAGTTAGACC-1,1
TGCGGTTCAAGGTCGA-1,4
TGCGGTTCAATGCCCG-1,5
TGCTAACAGCTCGCTT-1,3
TGCTAACAGGGTTATC-1,7
TGCTAGCCAGGAACAT-1,6
TGCTATGCATCAATCG-1,5
TGCTCAACAAACGCGA-1,5
TGCTCAACAGACAAAC-1,8
TGCTCACTCATAACCA-1,5
TGCTCACTCCGCAAAT-1,1
TGCTCACTCTGTGAGT-1,2
TGCTCCGTCTATCGCC-1,4
TGCTCTCAGTAGCGCC-1,4
TGCTCTCAGTTAGCCG-1,3
TGCTGGATCAAGACTC-1,1
TGCTTAAAGCATGTCG-1,5
TGCTTAAAGGCGAAAC-1,8
TGCTTAAAGGGATGCG-1,1
TGCTTCATCATGCTCC-1,6
TGCTTCATCATTCATC-1,7
TGCTTCCAGGGTTATC-1,3
TGCTTCCAGTTACTTC-1,2
TGCTTGCTCACGTTAA-1,6
TGCTTGCTCCTTAGTT-1,4
TGCTTGCTCGAGCTAT-1,1
TGCTTGTGTCGTAATG-1,6
TGCTTGTGTGAGCGAA-1,6
TGCTTTAGTTTGCAGA-1,9
TGGAACAAGCCTTAAA-1,5
TGGAACAAGTCCTTCA-1,1
TGGACAAAGAGAGGCT-1,3
TGGACAAAGGGTCCAC-1,2
TGGACAAAGTAACCCG-1,5
TGGACCGGTCCTAACT-1,1
TGGACGGAGCTCGCTT-1,10
TGGACGGAGGCTAAGA-1,9
TGGACGGAGGGTCCAC-1,6
TGGACGGAGGTCCGTA-1,3
TGGACGGAGTTATGGC-1,1
TGGACTAGTAACGGGA-1,8
TGGATTCAGCCACATG-1,7
TGGATTCAGGCCAATT-1,7
TGGATTGGTTAGGCTA-1,3
TGGCCATCAAATACCT-1,6
TGGCCATCACAACAAA-1,9
TGGCCATCAGTCTATG-1,1
TGGCCTGCAAAGCGGC-1,9
TGGCCTGCAATCATGT-1,3
TGGCCTGCAATCCTGA-1,5
TGGCCTGCACCTACTT-1,6
TGGCCTTTCAGCACCA-1,6
TGGCCTTTCCCGTTGT-1,9
TGGCCTTTCCCTGGAA-1,6
TGGCGGTTCCTCGATC-1,5
TGGCGGTTCGATCAGT-1,5
TGGCTAAGTGAGACTC-1,3
TGGCTATAGCTTTGTT-1,2
TGGCTATAGGAAGTAT-1,8
TGGCTATAGGCGAATA-1,5
TGGCTATAGGCTTAGT-1,1
TGGCTATAGTTTGAGC-1,1
TGGCTTTGTTAATGCG-1,2
TGGCTTTGTTGAATCG-1,6
TGGTAAACAAATACCT-1,1
TGGTAAACAAGGTACG-1,7
TGGTAAACAGTTTGGC-1,7
TGGTAAACATTGTGCA-1,1
TGGTCAAGTGAATCGC-1,9
TGGTCAAGTTTATTCG-1,5
TGGTCAGTCACTCGCT-1,2
TGGTCAGTCGAAGTGA-1,8
TGGTCATAGCCAGTAT-1,1
TGGTCATAGCTTCTCA-1,3
TGGTCCTTCAATGAGG-1,7
TGGTCCTTCGGTCAGC-1,6
TGGTGATTCCTACCTA-1,3
TGGTGCATCCGGTTAG-1,4
TGGTGCATCCGTGACA-1,4
TGGTGCATCCTAACGG-1,1
TGGTTCCTCAAGGACA-1,3
TGGTTCCTCCTTGTTG-1,2
TGGTTCCTCGCTTCTA-1,7
TGGTTCTGTAATAACC-1,2
TGGTTCTGTCTAACCT-1,1
TGGTTGAGTCGTAATG-1,10
TGGTTGAGTTCCTGTG-1,3
TGTAAAGCAATCTCTC-1,10
TGTAAAGCACAACCTA-1,6
TGTAACTCAGTCTAGC-1,2
TGTAACTCATTATGCG-1,9
TGTAAGTGTATTTGGG-1,2
TGTAAGTGTGGTTAGC-1,6
TGTAATGTCGGCCAGT-1,7
TGTATCCGTATTCGTC-1,2
TGTATCCGTGAAGCCT-1,9
TGTATCCGTTATCCGT-1,3
TGTATCGCACTTCACT-1,1
TGTCAATCACAATTAC-1,7
TGTCAATCACAGGATG-1,1
TGTCAATCAGGCTGTT-1,3
TGTCAGTAGCCAGTAT-1,8
TGTCAGTAGTTGTCCC-1,2
TGTCATAAGAACCTGT-1,7
TGTCATAAGCTATGAC-1,2
TGTCCTGGTAGTTACG-1,4
TGTCCTGGTCACGAAC-1,10
TGTCCTGGTCATGAGC-1,2
TGTCCTGGTGCGCGTA-1,1
TGTCCTGGTGGACATC-1,7
TGTCCTGGTGGTTATG-1,2
TGTCCTTCAAAGCGGC-1,1
TGTCCTTCATGTTTGG-1,2
TGTGAAACAAATATCC-1,3
TGTGATCAGCTGGCTA-1,1
TGTGATCAGGAAGCTA-1,1
TGTGCAAGTTGTAACG-1,1
TGTGCACCAAAGGTAC-1,7
TGTGCACCAGCGCTTG-1,10
TGTGCACCATGTTTGG-1,3
TGTGCGCAGCACCACA-1,3
TGTGCGCAGTAGCCAT-1,3
TGTGCGCAGTCGCTAG-1,2
TGTGCGCAGTGCACGC-1,2
TGTGCGGGTAACCAGC-1,3
TGTGCGGGTTAGGCGT-1,3
TGTGCTGAGGGTGAGT-1,6
TGTGCTGAGGTTTGCG-1,5
TGTGGCCAGGACACTT-1,1
TGTGGCGGTAAATTGC-1,2
TGTGGCTCATTATGGT-1,7
TGTGTGAGTAAATTGC-1,2
TGTGTGAGTTCACCAT-1,4
TGTGTGAGTTTGTCTA-1,5
TGTGTTAAGCTGTACG-1,3
TGTGTTAAGGATTGAG-1,10
TGTGTTAAGGCAAGTA-1,3
TGTGTTAAGGCCTAAT-1,1
TGTGTTAAGTTATCCT-1,5
TGTTACTTCAGAAACG-1,10
TGTTAGCAGGGACTAA-1,1
TGTTATGAGGCGCTTA-1,5
TGTTCATTCCGGGACT-1,2
TGTTCATTCCTCAGCT-1,8
TGTTCCTCAGCATGAG-1,1
TGTTGCACAGGCATCT-1,2
TGTTGTAAGCCTCTGT-1,1
TGTTGTGCACCACAAC-1,5
TGTTGTGCACCTAAGC-1,6
TGTTGTGCAGCAACAG-1,3
TGTTGTTTCGGGCCAT-1,10
TGTTTGTTCGCATTAA-1,6
TTAAAGGCAAGTTATC-1,4
TTAAAGGCATTATGGT-1,3
TTAACTGAGGATCACT-1,3
TTAACTGAGGTCCAAT-1,2
TTAACTGAGTCACTCC-1,3
TTAAGGACACAAACTT-1,6
TTAAGGACACTGACCG-1,3
TTAAGGTGTTCACCCA-1,5
TTAATCGAGAGGAGTC-1,4
TTAATCGAGGAAGCTA-1,8
TTAATCGAGGATGATG-1,3
TTAATCGAGTTTGAGC-1,9
TTACAGCAGATACTTG-1,1
TTACAGCAGCCTGGTA-1,7
TTACAGCAGCTGTAAC-1,2
TTACCGTGTAACGAGG-1,7
TTACCGTGTTAGGATT-1,8
TTACCGTGTTATGTGG-1,3
TTAGAAGCACTCAACA-1,5
TTAGAAGCACTGACCG-1,3
TTAGACTCATCCCTCA-1,3
TTAGCAATCTGTGAGT-1,1
TTAGCAGGTACCGTTT-1,2
TTAGCAGGTTAGTGAT-1,1
TTAGCCTGTTCCGCAC-1,1
TTAGCCTGTTGAGGTC-1,5
TTAGCGGTCAAGTGTC-1,5
TTAGCGGTCATGACCG-1,2
TTAGCTGCACAGAAAC-1,6
TTAGCTGCATAAACCT-1,5
TTAGGAACAATTAACC-1,8
TTAGGAACACATAGCC-1,4
TTAGGAACACTTACAG-1,1
TTAGGAACATGAGCAG-1,2
TTAGGATGTGAGCACT-1,4
TTAGGCCCAGGATAAC-1,3
TTAGGCCCATAAGGAC-1,7
TTAGGCGTCCTTTACG-1,4
TTAGGCTAGATAAAGC-1,8
TTAGTCAAGCACTTGG-1,10
TTAGTCAAGTTCCCGT-1,4
TTAGTCAAGTTGTCTT-1,6
TTATAGCCACCTGGTG-1,1
TTATAGCCATTGTCAG-1,2
TTATCCGTCTCACACC-1,2
TTATCCTAGAGAGGCT-1,1
TTATCCTAGCACAGGG-1,8
TTATCCTAGCTATTGA-1,2
TTATGACCACTCAACA-1,2
TTATGCGCAAATTCGT-1,10
TTATGCGCAATTAGCT-1,10
TTATTGCTCGGTTAGT-1,9
TTATTGCTCTTGCAGG-1,5
TTCAACCGTCAAGACC-1,7
TTCAACCGTTTGCAGA-1,10
TTCACTGTCATTACGA-1,7
TTCAGCACAGCTCATA-1,1
TTCAGCACAGTTATCG-1,5
TTCAGGTAGCGCCTAA-1,1
TTCAGTTTCCAATAGC-1,3
TTCATCCCACAGCCAT-1,5
TTCATCCCATTATGCG-1,4
TTCATTCAGTAACTCA-1,5
TTCATTCAGTAAGAAC-1,4
TTCCACGGTTCGCGCT-1,5
TTCCACGGTTTATCTG-1,5
TTCCCACAGAGGAGTC-1,2
TTCCCACAGCTTAGCG-1,4
TTCCCGCCAAACAACA-1,7
TTCCCGCCATCCAGGT-1,2
TTCCTTCTCCAGGAAA-1,4
TTCCTTCTCCCTGACT-1,7
TTCCTTCTCTCACATT-1,4
TTCCTTGAGCATGTCG-1,3
TTCGCAACACGTTACA-1,2
TTCGCAACACTGACCG-1,4
TTCGGTACACCTATAG-1,5
TTCGTGCTCCTTCTAG-1,1
TTCGTGCTCGTAATCA-1,7
TTCGTTAGTGCGCATG-1,7
TTGACATCATTATGAC-1,9
TTGACGTAGTGTGATC-1,2
TTGACTAAGCTTACTT-1,4
TTGACTAAGGCGGGTA-1,4
TTGAGCTAGGTGCGGA-1,2
TTGAGCTAGTCACTAA-1,6
TTGAGGCGTCATGAGC-1,6
TTGATGTCACAGACTC-1,3
TTGATGTCAGCCAGAA-1,1
TTGCAACAGAGAGGAG-1,2
TTGCAACAGGACCGCT-1,3
TTGCAACAGGATCACT-1,1
TTGCAAGGTAAACAAG-1,3
TTGCAAGGTGCACGCA-1,2
TTGCAAGGTTCACCAT-1,7
TTGCAATCACTAAATC-1,10
TTGCAATCACTTCACT-1,3
TTGCACACAATTAGCT-1,5
TTGCATTTCCCGAAGC-1,2
TTGCATTTCCTTAATC-1,6
TTGCATTTCGTAACGT-1,9
TTGCGAGTCATAACCA-1,2
TTGCGTCTCAGGATGA-1,5
TTGCGTCTCATCCTCA-1,9
TTGCGTCTCCCATAAA-1,6
TTGCGTCTCCTAGTTT-1,8
TTGCGTCTCCTGTTCA-1,4
TTGCTCTCATGAATAG-1,5
TTGCTTAGTTTGTCTA-1,6
TTGCTTTAGCAACAAG-1,6
TTGCTTTAGGAGGTTA-1,1
TTGGATATCCGGTTAG-1,1
TTGGATATCTTAGCCC-1,10
TTGGATCAGACAACAG-1,1
TTGGATCAGTTTCCTG-1,1
TTGGATTCATGAAGTA-1,8
TTGGATTCATGAGTTT-1,6
TTGGCGGGTACGTTTC-1,2
TTGGCGGGTGAATCGC-1,1
TTGGCTACAGGATTAA-1,1
TTGGCTACATGAGTTT-1,8
TTGGCTGAGATACTTG-1,5
TTGGCTGAGGTAAGCA-1,3
TTGGCTTGTCAATAGT-1,4
TTGGCTTGTTGAATCG-1,2
TTGGGCGGTACTGAAT-1,1
TTGGGCGGTTCAAGAT-1,8
TTGGGTTAGCTGTAAC-1,1
TTGGGTTAGGAAGCAC-1,4
TTGGGTTAGGTTTGAC-1,7
TTGTAAGTCGCACAAT-1,5
TTGTAAGTCGTACCGA-1,10
TTGTCAAAGAACCTGT-1,4
TTGTCAAAGGGACGCA-1,1
TTGTCCATCCAGGAAA-1,6
TTGTCCATCGACAAAG-1,2
TTGTCCCAGAAAGGAA-1,3
TTGTCCCAGGAACGCG-1,9
TTGTCCCAGGAATAAC-1,2
TTGTGAGGTCAAGACC-1,3
TTGTGCGAGGCAACAA-1,3
TTGTGCGAGGTGCGGA-1,1
TTGTGCGAGTTCCTGC-1,8
TTGTGTGCATCATGGC-1,2
TTGTTCCCAATCCTGA-1,6
TTGTTCCCAGTTGCGT-1,1
TTGTTGCGTGTTGTGA-1,7
TTGTTTGGTAGCCATA-1,4
TTGTTTGGTTGCACAA-1,3
TTTAACCTCCACCTGT-1,2
TTTAACGAGAGGAGGA-1,3
TTTAACGAGAGGAGTC-1,1
TTTAACGAGGACTTAC-1,6
TTTAACGAGGTTACAC-1,3
TTTAAGCCAGTAATAG-1,2
TTTAAGGTCCCATAGG-1,7
TTTAAGGTCTAATCCT-1,7
TTTACGAAGCTCCTTA-1,2
TTTACGAAGTCGCAAT-1,4
TTTACGCGTGCTCCAC-1,4
TTTACGCGTTCCTGAT-1,3
TTTAGCAAGCGAGCGA-1,4
TTTAGCAAGGTTAGAG-1,1
TTTAGCAAGTTAGACC-1,8
TTTAGGATCAAACACC-1,2
TTTAGGATCCAGCACA-1,8
TTTCACCCAAGGAATC-1,2
TTTCACCCAAGGTCCT-1,7
TTTCACCCACAAACTT-1,7
TTTCACCCAGAGGGAG-1,6
TTTCAGTTCATTACAG-1,4
TTTCATCAGAGCCGGA-1,1
TTTCATCAGCAGCTCA-1,1
TTTCCGGGTACGCGCA-1,1
TTTCCGGGTTTCAGGA-1,1
TTTCCTGAGGCAATAG-1,4
TTTCGTCCAACCCTCC-1,6
TTTCGTCCATTTAAGC-1,6
TTTCTCACAATAATGG-1,2
TTTCTCACACTAAATC-1,4
TTTCTCACACTGGCCA-1,2
TTTCTCACAGGCTAGA-1,2
TTTCTCACATAAACCT-1,7
TTTCTTGCAAGCTACC-1,2
TTTCTTGCATGTTGGC-1,2
TTTCTTGCATTGGGAG-1,4
TTTGACCGTAAATTGC-1,10
TTTGACCGTGGAAGGC-1,4
TTTGACTTCATAACTG-1,1
TTTGACTTCTTGCAGG-1,8
TTTGAGTCAGAAATGC-1,7
TTTGAGTCATAAAGCA-1,7
TTTGCATTCAACAAGG-1,9
TTTGCATTCCTGAGTG-1,1
TTTGCATTCGCAGGCT-1,1
TTTGCATTCGCTTCTA-1,6
TTTGCGACAGAAATTG-1,1
TTTGCGGAGGCAACAA-1,3
TTTGCGGAGGGTTAGA-1,8
TTTGGCTGTGTGCAAC-1,3
TTTGGCTGTTAAATGC-1,2
TTTGGCTGTTACAAAC-1,1
TTTGGCTGTTACAACG-1,5
TTTGGCTGTTCGCTCA-1,5
TTTGGCTGTTTGGCTT-1,10
TTTGGTAAGCTTAGCG-1,1
TTTGGTAAGGAGGACT-1,4
TTTGGTAAGTTCCTGC-1,6
TTTGGTGCAGAAATTG-1,1
TTTGGTGCATTAGGCC-1,1
TTTGTCTAGAAGGTGC-1,1
TTTGTCTAGTCATTTC-1,4
TTTGTGAAGACCATAC-1,2
TTTGTGAAGAGGAGGA-1,8
TTTGTGAAGCACAGCC-1,3
TTTGTGAAGTCAGGCC-1,1
TTTGTGGCAAGGAATC-1,1
TTTGTGGCATGCTTAG-1,2
TTTGTGTTCGTTACAA-1,10
TTTGTTGGTGATCAGC-1,3
TTTGTTGGTGATTTGG-1,6
